Player,Class
Aaron Gordon: 2015,7
Al Horford: 2015,3
Al Jefferson: 2015,2
Al-Farouq Aminu: 2015,
Alec Burks: 2015,
Alex Len: 2015,
Allen Crabbe: 2015,
Alonzo Gee: 2015,
Amir Johnson: 2015,
Andre Drummond: 2015,2
Andre Iguodala: 2015,
Andre Roberson: 2015,
Andrew Bogut: 2015,2
Andrew Wiggins: 2015,6
Anthony Brown: 2015,
Anthony Davis: 2015,
Arron Afflalo: 2015,
Austin Rivers: 2015,
Avery Bradley: 2015,
Ben McLemore: 2015,
Bismack Biyombo: 2015,
Blake Griffin: 2015,7
Bojan Bogdanovic: 2015,1
Bradley Beal: 2015,9
Brandon Bass: 2015,
Brandon Knight: 2015,
Brook Lopez: 2015,
CJ McCollum: 2015,9
CJ Miles: 2015,1
Carmelo Anthony: 2015,
Chandler Parsons: 2015,
Chris Bosh: 2015,3
Chris Paul: 2015,4
Cody Zeller: 2015,
Corey Brewer: 2015,
Cory Joseph: 2015,
Courtney Lee: 2015,
D'Angelo Russell: 2015,8
Damian Lillard: 2015,
Danilo Gallinari: 2015,
Danny Green: 2015,
Dante Cunningham: 2015,
Darrell Arthur: 2015,
Darren Collison: 2015,
DeAndre Jordan: 2015,2
DeMar DeRozan: 2015,7
DeMarcus Cousins: 2015,11
DeMarre Carroll: 2015,1
Dennis Schroder: 2015,
Deron Williams: 2015,
Derrick Favors: 2015,
Derrick Rose: 2015,7
Devin Booker: 2015,
Dion Waiters: 2015,
Dirk Nowitzki: 2015,
Donald Sloan: 2015,
Doug McDermott: 2015,
Draymond Green: 2015,
Dwight Howard: 2015,
Dwyane Wade: 2015,
E'Twaun Moore: 2015,
Ed Davis: 2015,
Elfrid Payton: 2015,
Emmanuel Mudiay: 2015,
Enes Kanter: 2015,
Eric Bledsoe: 2015,
Eric Gordon: 2015,
Ersan Ilyasova: 2015,
Evan Fournier: 2015,
Evan Turner: 2015,
Frank Kaminsky: 2015,
Garrett Temple: 2015,
Gary Harris: 2015,
Gary Neal: 2015,
George Hill: 2015,
Gerald Green: 2015,
Giannis Antetokounmpo: 2015,
Goran Dragic: 2015,
Gordon Hayward: 2015,
Gorgui Dieng: 2015,
Greg Monroe: 2015,
Harrison Barnes: 2015,
Hassan Whiteside: 2015,
Hollis Thompson: 2015,
Ian Mahinmi: 2015,
Iman Shumpert: 2015,
Isaiah Canaan: 2015,
Isaiah Thomas: 2015,
Ish Smith: 2015,4
JJ Barea: 2015,
JJ Redick: 2015,
JR Smith: 2015,1
Jabari Parker: 2015,
Jae Crowder: 2015,
Jahlil Okafor: 2015,
Jamal Crawford: 2015,
Jameer Nelson: 2015,
James Harden: 2015,5
Jared Dudley: 2015,
Jared Sullinger: 2015,
Jarrett Jack: 2015,
Jeff Green: 2015,7
Jeff Teague: 2015,4
Jerami Grant: 2015,
Jeremy Lin: 2015,
Jerryd Bayless: 2015,
Jimmy Butler: 2015,
Joakim Noah: 2015,
Joe Johnson: 2015,
John Wall: 2015,
Jonas Valanciunas: 2015,
Jordan Clarkson: 2015,
Jordan Hill: 2015,
Jose Calderon: 2015,
Josh Richardson: 2015,
Jrue Holiday: 2015,
Julius Randle: 2015,
Justise Winslow: 2015,
Karl-Anthony Towns: 2015,
Kawhi Leonard: 2015,
Kelly Olynyk: 2015,
Kemba Walker: 2015,
Kenneth Faried: 2015,
Kent Bazemore: 2015,
Kentavious Caldwell-Pope: 2015,
Kevin Durant: 2015,5
Kevin Love: 2015,3
Khris Middleton: 2015,
Klay Thompson: 2015,1
Kristaps Porzingis: 2015,3
Kyle Korver: 2015,1
Kyle Lowry: 2015,5
Kyrie Irving: 2015,
LaMarcus Aldridge: 2015,2
Lance Thomas: 2015,
Langston Galloway: 2015,
Larry Nance Jr: 2015,10
Lavoy Allen: 2015,10
LeBron James: 2015,5
Lou Williams: 2015,
Luis Scola: 2015,
Luol Deng: 2015,
Marc Gasol: 2015,
Marcin Gortat: 2015,
Marco Belinelli: 2015,
Marcus Smart: 2015,
Mario Chalmers: 2015,
Markieff Morris: 2015,
Marvin Williams: 2015,
Mason Plumlee: 2015,
Matt Barnes: 2015,
Matthew Dellavedova: 2015,10
Meyers Leonard: 2015,
Michael Carter-Williams: 2015,7
Mike Conley: 2015,
Mike Dunleavy: 2015,
Mirza Teletovic: 2015,
Monta Ellis: 2015,7
Myles Turner: 2015,
Nerlens Noel: 2015,
Nicolas Batum: 2015,8
Nik Stauskas: 2015,
Nikola Jokic: 2015,8
Nikola Mirotic: 2015,
Nikola Vucevic: 2015,2
Norris Cole: 2015,
OJ Mayo: 2015,
Omri Casspi: 2015,
PJ Tucker: 2015,10
Patrick Beverley: 2015,
Patrick Patterson: 2015,
Patty Mills: 2015,
Pau Gasol: 2015,
Paul George: 2015,
Paul Millsap: 2015,
Rajon Rondo: 2015,
Ramon Sessions: 2015,
Randy Foye: 2015,
Raymond Felton: 2015,
Reggie Jackson: 2015,
Ricky Rubio: 2015,4
Robert Covington: 2015,
Robin Lopez: 2015,
Rodney Hood: 2015,
Rodney Stuckey: 2015,
Rondae Hollis-Jefferson: 2015,
Roy Hibbert: 2015,
Rudy Gay: 2015,
Rudy Gobert: 2015,
Russell Westbrook: 2015,5
Ryan Anderson: 2015,
Serge Ibaka: 2015,
Shabazz Muhammad: 2015,
Shane Larkin: 2015,
Shelvin Mack: 2015,
Stanley Johnson: 2015,
Stephen Curry: 2015,5
Steven Adams: 2015,2
TJ Warren: 2015,
Taj Gibson: 2015,2
Terrence Jones: 2015,
Terrence Ross: 2015,
Thabo Sefolosha: 2015,
Thaddeus Young: 2015,
Tobias Harris: 2015,8
Toney Douglas: 2015,
Tony Allen: 2015,
Tony Parker: 2015,7
Tony Snell: 2015,
Trevor Ariza: 2015,
Trevor Booker: 2015,
Trey Burke: 2015,
Tristan Thompson: 2015,2
Ty Lawson: 2015,
Tyler Johnson: 2015,
Tyreke Evans: 2015,
Tyson Chandler: 2015,2
Victor Oladipo: 2015,7
Wayne Ellington: 2015,
Wesley Johnson: 2015,10
Wesley Matthews: 2015,1
Will Barton: 2015,7
Willie Cauley-Stein: 2015,
Zach LaVine: 2015,
Zach Randolph: 2015,
Zaza Pachulia: 2015,
Aaron Gordon: 2016,
Al Horford: 2016,
Al-Farouq Aminu: 2016,
Alex Len: 2016,
Allen Crabbe: 2016,
Amir Johnson: 2016,
Andre Drummond: 2016,
Andre Iguodala: 2016,
Andre Roberson: 2016,10
Andrew Bogut: 2016,2
Andrew Harrison: 2016,
Andrew Wiggins: 2016,
Anthony Davis: 2016,11
Anthony Tolliver: 2016,
Arron Afflalo: 2016,
Austin Rivers: 2016,7
Avery Bradley: 2016,
Bismack Biyombo: 2016,
Blake Griffin: 2016,
Bojan Bogdanovic: 2016,1
Bradley Beal: 2016,9
Brandon Ingram: 2016,
Brandon Jennings: 2016,
Brandon Knight: 2016,
Brandon Rush: 2016,10
Brook Lopez: 2016,3
Buddy Hield: 2016,
CJ McCollum: 2016,9
CJ Miles: 2016,
Caris LeVert: 2016,
Carmelo Anthony: 2016,6
Chris Paul: 2016,4
Clint Capela: 2016,
Cody Zeller: 2016,
Cory Joseph: 2016,
Courtney Lee: 2016,
D'Angelo Russell: 2016,
Damian Lillard: 2016,5
Danilo Gallinari: 2016,
Danny Green: 2016,
Dante Cunningham: 2016,
Dario Saric: 2016,
Darren Collison: 2016,
DeAndre Jordan: 2016,2
DeMar DeRozan: 2016,7
DeMarcus Cousins: 2016,11
DeMarre Carroll: 2016,
Dennis Schroder: 2016,
Deron Williams: 2016,
Derrick Favors: 2016,
Derrick Rose: 2016,7
Devin Booker: 2016,9
Dion Waiters: 2016,6
Dirk Nowitzki: 2016,3
Domantas Sabonis: 2016,10
Dorian Finney-Smith: 2016,
Doug McDermott: 2016,
Draymond Green: 2016,4
Dwight Howard: 2016,
Dwyane Wade: 2016,7
E'Twaun Moore: 2016,
Elfrid Payton: 2016,
Emmanuel Mudiay: 2016,
Enes Kanter: 2016,2
Eric Bledsoe: 2016,
Eric Gordon: 2016,
Ersan Ilyasova: 2016,
Evan Fournier: 2016,
Evan Turner: 2016,
Frank Kaminsky: 2016,
Garrett Temple: 2016,
Gary Harris: 2016,
George Hill: 2016,
Gerald Henderson: 2016,
Giannis Antetokounmpo: 2016,
Glenn Robinson III: 2016,
Goran Dragic: 2016,
Gordon Hayward: 2016,9
Gorgui Dieng: 2016,
Greg Monroe: 2016,
Harrison Barnes: 2016,
Hassan Whiteside: 2016,
Iman Shumpert: 2016,
Isaiah Thomas: 2016,
Isaiah Whitehead: 2016,
Ish Smith: 2016,
JJ Barea: 2016,
JJ Redick: 2016,
JR Smith: 2016,
JaMychal Green: 2016,
Jabari Parker: 2016,
Jae Crowder: 2016,
Jahlil Okafor: 2016,10
Jamal Crawford: 2016,
Jamal Murray: 2016,
Jameer Nelson: 2016,
James Harden: 2016,
James Johnson: 2016,8
Jared Dudley: 2016,
Jeff Green: 2016,
Jeff Teague: 2016,4
Jeremy Lin: 2016,8
Jimmy Butler: 2016,
Joakim Noah: 2016,
Jodie Meeks: 2016,
Joe Harris: 2016,
Joe Ingles: 2016,
Joe Johnson: 2016,
Joel Embiid: 2016,
John Wall: 2016,4
Jon Leuer: 2016,
Jonas Valanciunas: 2016,
Jordan Clarkson: 2016,7
Jordan Crawford: 2016,
Josh Richardson: 2016,
Jrue Holiday: 2016,
Julius Randle: 2016,
Justise Winslow: 2016,
Jusuf Nurkic: 2016,
Karl-Anthony Towns: 2016,11
Kawhi Leonard: 2016,
Kelly Olynyk: 2016,
Kelly Oubre Jr: 2016,
Kemba Walker: 2016,
Kenneth Faried: 2016,
Kent Bazemore: 2016,
Kentavious Caldwell-Pope: 2016,6
Kevin Durant: 2016,5
Kevin Love: 2016,11
Khris Middleton: 2016,
Klay Thompson: 2016,1
Kristaps Porzingis: 2016,
Kyle Korver: 2016,
Kyle Lowry: 2016,4
Kyrie Irving: 2016,5
LaMarcus Aldridge: 2016,
Lance Stephenson: 2016,
Lance Thomas: 2016,
Langston Galloway: 2016,
Larry Nance Jr: 2016,
LeBron James: 2016,5
Lou Williams: 2016,6
Luc Mbah a Moute: 2016,
Luol Deng: 2016,
Malcolm Brogdon: 2016,
Marc Gasol: 2016,11
Marcin Gortat: 2016,2
Marco Belinelli: 2016,
Marcus Smart: 2016,
Markieff Morris: 2016,
Marquese Chriss: 2016,
Marvin Williams: 2016,
Mason Plumlee: 2016,
Matt Barnes: 2016,
Matthew Dellavedova: 2016,
Maurice Harkless: 2016,
Michael Kidd-Gilchrist: 2016,
Mike Conley: 2016,
Monta Ellis: 2016,
Myles Turner: 2016,
Nerlens Noel: 2016,
Nick Young: 2016,
Nicolas Batum: 2016,
Nik Stauskas: 2016,7
Nikola Jokic: 2016,11
Nikola Mirotic: 2016,
Nikola Vucevic: 2016,2
PJ Tucker: 2016,
Patrick Beverley: 2016,
Patrick Patterson: 2016,
Patty Mills: 2016,
Pau Gasol: 2016,
Paul George: 2016,
Paul Millsap: 2016,
Rajon Rondo: 2016,
Raymond Felton: 2016,
Reggie Jackson: 2016,6
Richard Jefferson: 2016,
Richaun Holmes: 2016,
Ricky Rubio: 2016,
Robert Covington: 2016,
Robin Lopez: 2016,
Rodney Hood: 2016,
Rodney McGruder: 2016,
Rondae Hollis-Jefferson: 2016,
Rudy Gay: 2016,
Rudy Gobert: 2016,2
Russell Westbrook: 2016,
Ryan Anderson: 2016,3
Sean Kilpatrick: 2016,
Serge Ibaka: 2016,
Sergio Rodriguez: 2016,
Seth Curry: 2016,1
Shelvin Mack: 2016,
Solomon Hill: 2016,
Spencer Dinwiddie: 2016,
Stephen Curry: 2016,5
Steven Adams: 2016,
TJ McConnell: 2016,4
TJ Warren: 2016,
Taj Gibson: 2016,
Terrence Jones: 2016,
Terrence Ross: 2016,
Thabo Sefolosha: 2016,
Thaddeus Young: 2016,
Tim Frazier: 2016,4
Tim Hardaway Jr: 2016,
Timofey Mozgov: 2016,
Tobias Harris: 2016,
Tony Allen: 2016,
Tony Parker: 2016,
Tony Snell: 2016,
Trevor Ariza: 2016,
Trevor Booker: 2016,
Tristan Thompson: 2016,
Ty Lawson: 2016,4
Tyler Johnson: 2016,
Tyson Chandler: 2016,2
Victor Oladipo: 2016,8
Vince Carter: 2016,
Wayne Ellington: 2016,
Wesley Matthews: 2016,
Will Barton: 2016,
Wilson Chandler: 2016,
Yogi Ferrell: 2016,
Zach LaVine: 2016,
Zach Randolph: 2016,
Aaron Gordon: 2017,
Al Horford: 2017,
Al-Farouq Aminu: 2017,
Alex Len: 2017,
Allen Crabbe: 2017,
Andre Drummond: 2017,
Andre Iguodala: 2017,
Andre Roberson: 2017,
Andrew Harrison: 2017,
Andrew Wiggins: 2017,6
Anthony Davis: 2017,11
Anthony Tolliver: 2017,
Austin Rivers: 2017,
Avery Bradley: 2017,
Ben Simmons: 2017,4
Blake Griffin: 2017,
Bobby Portis: 2017,
Bogdan Bogdanovic: 2017,
Bojan Bogdanovic: 2017,1
Bradley Beal: 2017,
Brandon Ingram: 2017,7
Brook Lopez: 2017,3
Buddy Hield: 2017,1
CJ McCollum: 2017,
Cameron Payne: 2017,4
Caris LeVert: 2017,8
Carmelo Anthony: 2017,6
Chris Paul: 2017,4
Clint Capela: 2017,
Cory Joseph: 2017,
Courtney Lee: 2017,
D'Angelo Russell: 2017,
DJ Augustin: 2017,
Damian Lillard: 2017,5
Danilo Gallinari: 2017,6
Danny Green: 2017,
Dante Cunningham: 2017,
Dario Saric: 2017,
Darius Miller: 2017,
Darren Collison: 2017,
David Nwaba: 2017,
De'Aaron Fox: 2017,
DeAndre Jordan: 2017,
DeMar DeRozan: 2017,7
DeMarcus Cousins: 2017,11
DeMarre Carroll: 2017,
Dejounte Murray: 2017,
Delon Wright: 2017,
Dennis Schroder: 2017,4
Dennis Smith Jr: 2017,7
Denzel Valentine: 2017,10
Derrick Favors: 2017,2
Devin Booker: 2017,
Dewayne Dedmon: 2017,
Dillon Brooks: 2017,
Dion Waiters: 2017,
Dirk Nowitzki: 2017,
Domantas Sabonis: 2017,
Donovan Mitchell: 2017,
Dorian Finney-Smith: 2017,
Doug McDermott: 2017,
Dragan Bender: 2017,
Draymond Green: 2017,
Dwight Howard: 2017,
Dwight Powell: 2017,
Dwyane Wade: 2017,7
E'Twaun Moore: 2017,
Elfrid Payton: 2017,4
Enes Kanter: 2017,
Eric Bledsoe: 2017,
Eric Gordon: 2017,
Ersan Ilyasova: 2017,
Evan Fournier: 2017,
Evan Turner: 2017,
Frank Kaminsky: 2017,
Frank Ntilikina: 2017,
Garrett Temple: 2017,
Gary Harris: 2017,
George Hill: 2017,
Gerald Green: 2017,
Giannis Antetokounmpo: 2017,
Goran Dragic: 2017,9
Greg Monroe: 2017,
Harrison Barnes: 2017,
Hassan Whiteside: 2017,2
Isaiah Canaan: 2017,
Isaiah Thomas: 2017,
Ish Smith: 2017,
JJ Barea: 2017,4
JJ Redick: 2017,
JR Smith: 2017,
JaMychal Green: 2017,
Jabari Parker: 2017,
Jae Crowder: 2017,10
Jamal Crawford: 2017,
Jamal Murray: 2017,
Jameer Nelson: 2017,
James Harden: 2017,5
James Johnson: 2017,
Jarell Martin: 2017,
Jarrett Jack: 2017,
Jaylen Brown: 2017,
Jayson Tatum: 2017,
Jeff Green: 2017,
Jeff Teague: 2017,4
Jerami Grant: 2017,
Jeremy Lamb: 2017,
Jerian Grant: 2017,
Jerryd Bayless: 2017,
Jimmy Butler: 2017,7
Joe Harris: 2017,
Joe Ingles: 2017,
Joe Johnson: 2017,
Joel Embiid: 2017,11
John Collins: 2017,
John Henson: 2017,
John Wall: 2017,4
Jonas Valanciunas: 2017,
Jonathon Simmons: 2017,7
Jordan Clarkson: 2017,
Josh Hart: 2017,10
Josh Jackson: 2017,6
Josh Richardson: 2017,
Jrue Holiday: 2017,
Julius Randle: 2017,
Justin Holiday: 2017,
Justin Jackson: 2017,
Justise Winslow: 2017,
Jusuf Nurkic: 2017,
Karl-Anthony Towns: 2017,11
Kelly Olynyk: 2017,
Kelly Oubre Jr: 2017,
Kemba Walker: 2017,
Kent Bazemore: 2017,
Kentavious Caldwell-Pope: 2017,
Kevin Durant: 2017,5
Kevin Love: 2017,3
Khris Middleton: 2017,
Klay Thompson: 2017,
Kobi Simmons: 2017,
Kris Dunn: 2017,
Kristaps Porzingis: 2017,3
Kyle Anderson: 2017,
Kyle Korver: 2017,1
Kyle Kuzma: 2017,
Kyle Lowry: 2017,
Kyrie Irving: 2017,
LaMarcus Aldridge: 2017,2
Lance Stephenson: 2017,10
Larry Nance Jr: 2017,
Lauri Markkanen: 2017,3
LeBron James: 2017,5
Lonzo Ball: 2017,
Lou Williams: 2017,
Luc Mbah a Moute: 2017,10
Malcolm Brogdon: 2017,
Marc Gasol: 2017,
Marcin Gortat: 2017,
Marco Belinelli: 2017,
Marcus Smart: 2017,
Mario Chalmers: 2017,
Mario Hezonja: 2017,
Markieff Morris: 2017,
Marquese Chriss: 2017,
Marvin Williams: 2017,
Maurice Harkless: 2017,
Michael Beasley: 2017,
Michael Kidd-Gilchrist: 2017,10
Milos Teodosic: 2017,
Myles Turner: 2017,
Nemanja Bjelica: 2017,
Nicolas Batum: 2017,
Nikola Jokic: 2017,11
Nikola Mirotic: 2017,
Nikola Vucevic: 2017,11
PJ Tucker: 2017,
Pascal Siakam: 2017,9
Patty Mills: 2017,
Pau Gasol: 2017,
Paul George: 2017,9
Paul Millsap: 2017,
Quinn Cook: 2017,
Rajon Rondo: 2017,4
Reggie Bullock: 2017,
Reggie Jackson: 2017,
Ricky Rubio: 2017,
Robert Covington: 2017,
Robin Lopez: 2017,
Rodney Hood: 2017,
Rondae Hollis-Jefferson: 2017,
Rudy Gay: 2017,
Rudy Gobert: 2017,
Russell Westbrook: 2017,
Ryan Anderson: 2017,
Serge Ibaka: 2017,3
Shabazz Napier: 2017,
Skal Labissiere: 2017,
Spencer Dinwiddie: 2017,
Stanley Johnson: 2017,10
Stephen Curry: 2017,
Steven Adams: 2017,
TJ McConnell: 2017,
TJ Warren: 2017,
Taj Gibson: 2017,
Taurean Prince: 2017,
Terrence Ross: 2017,
Terry Rozier: 2017,
Thabo Sefolosha: 2017,10
Thaddeus Young: 2017,
Tim Hardaway Jr: 2017,6
Tobias Harris: 2017,
Tomas Satoransky: 2017,
Tony Snell: 2017,
Trevor Ariza: 2017,
Trey Burke: 2017,
Tristan Thompson: 2017,
Troy Daniels: 2017,
Tyler Johnson: 2017,
Tyler Ulis: 2017,
Tyreke Evans: 2017,
Tyrone Wallace: 2017,
Tyson Chandler: 2017,
Victor Oladipo: 2017,
Wayne Ellington: 2017,
Wesley Johnson: 2017,
Wesley Matthews: 2017,
Will Barton: 2017,
Willie Cauley-Stein: 2017,2
Wilson Chandler: 2017,
Yogi Ferrell: 2017,
Zach LaVine: 2017,6
Zach Randolph: 2017,
Aaron Gordon: 2018,7
Al Horford: 2018,
Al-Farouq Aminu: 2018,
Alec Burks: 2018,
Alex Caruso: 2018,
Alex Len: 2018,
Allen Crabbe: 2018,
Allonzo Trier: 2018,
Andre Drummond: 2018,
Andre Iguodala: 2018,
Andrew Wiggins: 2018,
Anthony Davis: 2018,11
Austin Rivers: 2018,
Avery Bradley: 2018,
Bam Adebayo: 2018,
Ben Simmons: 2018,
Blake Griffin: 2018,11
Bobby Portis: 2018,3
Bogdan Bogdanovic: 2018,6
Bojan Bogdanovic: 2018,
Bradley Beal: 2018,
Brandon Ingram: 2018,
Brook Lopez: 2018,
Bruno Caboclo: 2018,
Bryn Forbes: 2018,
Buddy Hield: 2018,
CJ McCollum: 2018,9
Caris LeVert: 2018,8
Cedi Osman: 2018,
Chandler Hutchison: 2018,
Chris Paul: 2018,4
Clint Capela: 2018,
Cody Zeller: 2018,
Collin Sexton: 2018,6
Cory Joseph: 2018,
D'Angelo Russell: 2018,
DJ Augustin: 2018,
Damian Lillard: 2018,5
Damyean Dotson: 2018,
Danilo Gallinari: 2018,
Danny Green: 2018,
Dario Saric: 2018,
Darius Miller: 2018,
Darren Collison: 2018,
Davis Bertans: 2018,
De'Aaron Fox: 2018,4
DeAndre Jordan: 2018,
DeAndre' Bembry: 2018,
DeMar DeRozan: 2018,7
DeMarcus Cousins: 2018,
DeMarre Carroll: 2018,
Deandre Ayton: 2018,2
Delon Wright: 2018,
Dennis Schroder: 2018,6
Dennis Smith Jr: 2018,7
Derrick Favors: 2018,
Derrick Rose: 2018,
Derrick White: 2018,10
Devin Booker: 2018,5
Dewayne Dedmon: 2018,
Dion Waiters: 2018,
Domantas Sabonis: 2018,2
Donovan Mitchell: 2018,
Dorian Finney-Smith: 2018,
Draymond Green: 2018,
Dwight Powell: 2018,
Dwyane Wade: 2018,7
E'Twaun Moore: 2018,
Elfrid Payton: 2018,
Emmanuel Mudiay: 2018,
Enes Kanter: 2018,
Eric Bledsoe: 2018,
Eric Gordon: 2018,1
Evan Fournier: 2018,
Evan Turner: 2018,10
Frank Ntilikina: 2018,
Fred VanVleet: 2018,
Garrett Temple: 2018,
Gary Harris: 2018,6
George Hill: 2018,
Gerald Green: 2018,
Giannis Antetokounmpo: 2018,5
Goran Dragic: 2018,8
Gordon Hayward: 2018,
Harrison Barnes: 2018,
Hassan Whiteside: 2018,2
Iman Shumpert: 2018,
Isaiah Canaan: 2018,
Ish Smith: 2018,
JJ Redick: 2018,1
JaMychal Green: 2018,
JaVale McGee: 2018,2
Jabari Parker: 2018,
Jae Crowder: 2018,
Jalen Brunson: 2018,
Jamal Murray: 2018,9
James Harden: 2018,5
James Johnson: 2018,
Jared Dudley: 2018,
Jaren Jackson Jr: 2018,3
Jarrett Allen: 2018,
Jaylen Brown: 2018,8
Jayson Tatum: 2018,8
Jeff Green: 2018,
Jeff Teague: 2018,4
Jerami Grant: 2018,
Jeremy Lamb: 2018,8
Jimmy Butler: 2018,
Joe Harris: 2018,1
Joe Ingles: 2018,1
Joel Embiid: 2018,11
John Collins: 2018,3
John Wall: 2018,
Jonas Valanciunas: 2018,
Jonathan Isaac: 2018,
Jordan Clarkson: 2018,
Josh Hart: 2018,
Josh Jackson: 2018,10
Josh Okogie: 2018,10
Josh Richardson: 2018,
Jrue Holiday: 2018,
Julius Randle: 2018,
Justin Holiday: 2018,
Justise Winslow: 2018,
Jusuf Nurkic: 2018,
Kadeem Allen: 2018,
Karl-Anthony Towns: 2018,11
Kawhi Leonard: 2018,5
Kelly Olynyk: 2018,10
Kelly Oubre Jr: 2018,8
Kemba Walker: 2018,5
Kenrich Williams: 2018,
Kent Bazemore: 2018,
Kentavious Caldwell-Pope: 2018,
Kevin Durant: 2018,5
Kevin Huerter: 2018,
Kevin Love: 2018,3
Khris Middleton: 2018,
Klay Thompson: 2018,1
Kris Dunn: 2018,4
Kyle Anderson: 2018,
Kyle Kuzma: 2018,8
Kyle Lowry: 2018,
Kyrie Irving: 2018,
LaMarcus Aldridge: 2018,
Landry Shamet: 2018,
Langston Galloway: 2018,10
Larry Nance Jr: 2018,
Lauri Markkanen: 2018,3
LeBron James: 2018,
Lonzo Ball: 2018,8
Lou Williams: 2018,
Luka Doncic: 2018,9
Luke Kennard: 2018,
Malcolm Brogdon: 2018,
Malik Beasley: 2018,
Marc Gasol: 2018,
Marco Belinelli: 2018,
Marcus Smart: 2018,10
Mario Hezonja: 2018,
Markelle Fultz: 2018,10
Markieff Morris: 2018,
Marvin Bagley III: 2018,
Marvin Williams: 2018,
Mason Plumlee: 2018,
Maurice Harkless: 2018,
Maxi Kleber: 2018,
Mikal Bridges: 2018,
Mike Conley: 2018,
Mike Muscala: 2018,
Miles Bridges: 2018,
Mitchell Robinson: 2018,2
Monte Morris: 2018,
Montrezl Harrell: 2018,
Myles Turner: 2018,3
Nemanja Bjelica: 2018,
Nicolas Batum: 2018,
Nikola Jokic: 2018,4
Nikola Mirotic: 2018,3
Nikola Vucevic: 2018,11
Noah Vonleh: 2018,
OG Anunoby: 2018,
PJ Tucker: 2018,
Pascal Siakam: 2018,
Pat Connaughton: 2018,
Patrick Beverley: 2018,
Patty Mills: 2018,
Paul George: 2018,
Paul Millsap: 2018,
Rajon Rondo: 2018,
Reggie Bullock: 2018,
Reggie Jackson: 2018,
Ricky Rubio: 2018,
Robert Covington: 2018,
Robin Lopez: 2018,
Rodions Kurucs: 2018,
Rodney Hood: 2018,
Rodney McGruder: 2018,10
Rondae Hollis-Jefferson: 2018,
Royce O'Neale: 2018,
Rudy Gay: 2018,7
Rudy Gobert: 2018,
Russell Westbrook: 2018,5
Ryan Arcidiacono: 2018,
Serge Ibaka: 2018,
Shai Gilgeous-Alexander: 2018,
Shelvin Mack: 2018,
Spencer Dinwiddie: 2018,
Stephen Curry: 2018,5
Steven Adams: 2018,2
TJ Warren: 2018,
Taj Gibson: 2018,
Taurean Prince: 2018,
Terrance Ferguson: 2018,10
Terrence Ross: 2018,8
Terry Rozier: 2018,
Thaddeus Young: 2018,
Thomas Bryant: 2018,
Tim Hardaway Jr: 2018,
Tobias Harris: 2018,9
Tomas Satoransky: 2018,
Trae Young: 2018,
Treveon Graham: 2018,
Trevor Ariza: 2018,
Tristan Thompson: 2018,
Tyler Johnson: 2018,
Tyreke Evans: 2018,
Tyus Jones: 2018,4
Victor Oladipo: 2018,6
Wayne Ellington: 2018,
Wendell Carter Jr: 2018,2
Wesley Matthews: 2018,
Will Barton: 2018,
Willie Cauley-Stein: 2018,
Wilson Chandler: 2018,
Zach LaVine: 2018,9
Aaron Gordon: 2019,7
Aaron Holiday: 2019,
Al Horford: 2019,3
Al-Farouq Aminu: 2019,
Alec Burks: 2019,
Andre Drummond: 2019,
Andrew Wiggins: 2019,6
Anfernee Simons: 2019,10
Anthony Davis: 2019,11
Aron Baynes: 2019,
Austin Rivers: 2019,
Avery Bradley: 2019,
Bam Adebayo: 2019,2
Ben McLemore: 2019,
Ben Simmons: 2019,
Blake Griffin: 2019,8
Bobby Portis: 2019,
Bogdan Bogdanovic: 2019,8
Bojan Bogdanovic: 2019,9
Bradley Beal: 2019,5
Brandon Clarke: 2019,
Brandon Ingram: 2019,
Brook Lopez: 2019,3
Bruce Brown: 2019,
Bryn Forbes: 2019,
Buddy Hield: 2019,1
CJ McCollum: 2019,9
Cam Reddish: 2019,
Cameron Johnson: 2019,
Caris LeVert: 2019,
Carmelo Anthony: 2019,
Cedi Osman: 2019,
Chris Paul: 2019,
Christian Wood: 2019,
Clint Capela: 2019,
Coby White: 2019,6
Cody Zeller: 2019,
Collin Sexton: 2019,6
Cory Joseph: 2019,
D'Angelo Russell: 2019,
DJ Augustin: 2019,
Damian Lillard: 2019,5
Damion Lee: 2019,
Daniel Theis: 2019,
Danilo Gallinari: 2019,1
Danny Green: 2019,
Dario Saric: 2019,
Darius Garland: 2019,
Davis Bertans: 2019,1
De'Aaron Fox: 2019,9
De'Andre Hunter: 2019,8
DeAndre Jordan: 2019,2
DeAndre' Bembry: 2019,
DeMar DeRozan: 2019,7
Deandre Ayton: 2019,11
Dejounte Murray: 2019,7
Delon Wright: 2019,10
Dennis Schroder: 2019,
Derrick Favors: 2019,
Derrick Jones Jr: 2019,7
Derrick Rose: 2019,
Derrick White: 2019,8
Devin Booker: 2019,5
Devonte' Graham: 2019,6
Dillon Brooks: 2019,
Domantas Sabonis: 2019,11
Donovan Mitchell: 2019,
Donte DiVincenzo: 2019,
Dorian Finney-Smith: 2019,
Draymond Green: 2019,4
Duncan Robinson: 2019,1
Dwight Powell: 2019,
Elfrid Payton: 2019,
Eric Bledsoe: 2019,
Eric Gordon: 2019,
Eric Paschall: 2019,8
Evan Fournier: 2019,
Frank Ntilikina: 2019,
Fred VanVleet: 2019,9
Furkan Korkmaz: 2019,1
Garrett Temple: 2019,
Gary Harris: 2019,
Gary Trent Jr: 2019,
George Hill: 2019,
Giannis Antetokounmpo: 2019,
Glenn Robinson III: 2019,
Goran Dragic: 2019,
Gordon Hayward: 2019,9
Harrison Barnes: 2019,8
Hassan Whiteside: 2019,2
Ian Mahinmi: 2019,
Isaiah Thomas: 2019,
Ish Smith: 2019,
JJ Redick: 2019,1
Ja Morant: 2019,4
JaMychal Green: 2019,
Jabari Parker: 2019,
Jae Crowder: 2019,
Jake Layman: 2019,
Jamal Murray: 2019,9
James Harden: 2019,5
Jaren Jackson Jr: 2019,3
Jarrett Allen: 2019,
Jarrett Culver: 2019,
Jaylen Brown: 2019,9
Jayson Tatum: 2019,9
Jeff Teague: 2019,
Jerami Grant: 2019,
Jeremy Lamb: 2019,
Jimmy Butler: 2019,9
Joe Harris: 2019,
Joe Ingles: 2019,
Joel Embiid: 2019,
John Collins: 2019,
Jonas Valanciunas: 2019,
Jonathan Isaac: 2019,
Jordan Clarkson: 2019,
Jordan McRae: 2019,
Jordan Poole: 2019,
Josh Hart: 2019,10
Josh Okogie: 2019,
Josh Richardson: 2019,
Jrue Holiday: 2019,
Julius Randle: 2019,11
Justin Holiday: 2019,
Karl-Anthony Towns: 2019,11
Kawhi Leonard: 2019,
Kelly Oubre Jr: 2019,8
Kemba Walker: 2019,
Kendrick Nunn: 2019,6
Kenrich Williams: 2019,
Kent Bazemore: 2019,
Kentavious Caldwell-Pope: 2019,
Kevin Huerter: 2019,8
Kevin Love: 2019,3
Kevin Porter Jr: 2019,
Khris Middleton: 2019,9
Kris Dunn: 2019,
Kristaps Porzingis: 2019,3
Ky Bowman: 2019,
Kyle Kuzma: 2019,
Kyle Lowry: 2019,
Kyrie Irving: 2019,
LaMarcus Aldridge: 2019,
Landry Shamet: 2019,
Langston Galloway: 2019,
Larry Nance Jr: 2019,
Lauri Markkanen: 2019,3
LeBron James: 2019,5
Lonzo Ball: 2019,4
Lou Williams: 2019,
Luguentz Dort: 2019,
Luka Doncic: 2019,5
Luke Kennard: 2019,
Malcolm Brogdon: 2019,
Malik Beasley: 2019,
Malik Monk: 2019,
Marc Gasol: 2019,
Marcus Smart: 2019,8
Markelle Fultz: 2019,
Markieff Morris: 2019,
Marquese Chriss: 2019,
Maurice Harkless: 2019,
Maxi Kleber: 2019,
Meyers Leonard: 2019,
Mikal Bridges: 2019,
Mike Conley: 2019,8
Miles Bridges: 2019,
Mitchell Robinson: 2019,
Monte Morris: 2019,
Montrezl Harrell: 2019,
Myles Turner: 2019,3
Nemanja Bjelica: 2019,
Nicolas Batum: 2019,
Nikola Jokic: 2019,
Nikola Vucevic: 2019,
Norman Powell: 2019,
OG Anunoby: 2019,
PJ Tucker: 2019,
PJ Washington: 2019,
Pascal Siakam: 2019,9
Patrick Beverley: 2019,
Patrick McCaw: 2019,
Patty Mills: 2019,
Paul George: 2019,
Paul Millsap: 2019,
RJ Barrett: 2019,6
Rajon Rondo: 2019,
Reggie Bullock: 2019,
Reggie Jackson: 2019,
Richaun Holmes: 2019,
Ricky Rubio: 2019,4
Robert Covington: 2019,
Rodney Hood: 2019,
Royce O'Neale: 2019,
Rudy Gay: 2019,10
Rudy Gobert: 2019,2
Rui Hachimura: 2019,
Russell Westbrook: 2019,5
Serge Ibaka: 2019,3
Seth Curry: 2019,1
Shabazz Napier: 2019,
Shai Gilgeous-Alexander: 2019,9
Shake Milton: 2019,
Spencer Dinwiddie: 2019,
Steven Adams: 2019,2
TJ Warren: 2019,
Taurean Prince: 2019,
Terrance Ferguson: 2019,
Terrence Ross: 2019,
Terry Rozier: 2019,
Thaddeus Young: 2019,
Thomas Bryant: 2019,3
Tim Hardaway Jr: 2019,
Tobias Harris: 2019,9
Tomas Satoransky: 2019,
Tony Snell: 2019,
Trae Young: 2019,5
Trevor Ariza: 2019,
Trey Lyles: 2019,
Tristan Thompson: 2019,
Troy Brown Jr: 2019,
Tyler Herro: 2019,8
Victor Oladipo: 2019,
Wendell Carter Jr: 2019,
Wesley Matthews: 2019,
Will Barton: 2019,
Willie Cauley-Stein: 2019,
Wilson Chandler: 2019,
Zach LaVine: 2019,
Zion Williamson: 2019,
Aaron Gordon: 2020,
Al Horford: 2020,
Al-Farouq Aminu: 2020,
Alec Burks: 2020,
Aleksej Pokusevski: 2020,
Andre Drummond: 2020,
Andre Iguodala: 2020,
Andrew Wiggins: 2020,
Anthony Davis: 2020,11
Anthony Edwards: 2020,6
Austin Rivers: 2020,
Avery Bradley: 2020,
Bam Adebayo: 2020,11
Ben Simmons: 2020,4
Bismack Biyombo: 2020,
Blake Griffin: 2020,
Bobby Portis: 2020,
Bogdan Bogdanovic: 2020,
Bojan Bogdanovic: 2020,
Bradley Beal: 2020,5
Brandon Clarke: 2020,
Brandon Ingram: 2020,
Brook Lopez: 2020,
Bruce Brown: 2020,
Buddy Hield: 2020,1
CJ McCollum: 2020,9
Cam Reddish: 2020,
Cameron Johnson: 2020,
Caris LeVert: 2020,
Carmelo Anthony: 2020,6
Cedi Osman: 2020,
Chasson Randle: 2020,
Chris Boucher: 2020,
Chris Paul: 2020,
Christian Wood: 2020,
Chuma Okeke: 2020,10
Clint Capela: 2020,
Coby White: 2020,
Cody Zeller: 2020,
Cole Anthony: 2020,6
Collin Sexton: 2020,
Cory Joseph: 2020,
D'Angelo Russell: 2020,9
Damian Lillard: 2020,
Daniel Theis: 2020,
Danilo Gallinari: 2020,
Danny Green: 2020,
Darius Bazley: 2020,
Darius Garland: 2020,
David Nwaba: 2020,
Davis Bertans: 2020,
De'Aaron Fox: 2020,
De'Andre Hunter: 2020,
DeAndre Jordan: 2020,
DeMar DeRozan: 2020,
DeMarcus Cousins: 2020,
Deandre Ayton: 2020,
Dejounte Murray: 2020,
Delon Wright: 2020,
Deni Avdija: 2020,
Dennis Schroder: 2020,
Derrick Jones Jr: 2020,
Derrick Rose: 2020,
Derrick White: 2020,6
Desmond Bane: 2020,
Devin Booker: 2020,
Devonte' Graham: 2020,
Dillon Brooks: 2020,6
Domantas Sabonis: 2020,
Donovan Mitchell: 2020,5
Donte DiVincenzo: 2020,8
Dorian Finney-Smith: 2020,
Doug McDermott: 2020,
Draymond Green: 2020,
Duncan Robinson: 2020,1
Dwayne Bacon: 2020,
Elfrid Payton: 2020,
Enes Kanter: 2020,
Eric Bledsoe: 2020,
Eric Gordon: 2020,
Evan Fournier: 2020,
Fred VanVleet: 2020,
Garrett Temple: 2020,
Gary Harris: 2020,
Gary Trent Jr: 2020,
George Hill: 2020,
Giannis Antetokounmpo: 2020,
Goran Dragic: 2020,
Gordon Hayward: 2020,
Grayson Allen: 2020,
Hamidou Diallo: 2020,
Harrison Barnes: 2020,
Isaac Okoro: 2020,
Isaiah Roby: 2020,
Ish Smith: 2020,
Ivica Zubac: 2020,
Ja Morant: 2020,7
Jaden McDaniels: 2020,
Jae Crowder: 2020,1
Jae'Sean Tate: 2020,
Jakob Poeltl: 2020,
Jalen Brunson: 2020,
Jamal Murray: 2020,
James Harden: 2020,
James Wiseman: 2020,
Jarrett Allen: 2020,
Jaylen Brown: 2020,
Jayson Tatum: 2020,
Jeff Green: 2020,
Jerami Grant: 2020,9
Jeremy Lamb: 2020,
Jimmy Butler: 2020,
Joe Harris: 2020,1
Joe Ingles: 2020,1
Joel Embiid: 2020,11
John Collins: 2020,3
John Wall: 2020,4
Jonas Valanciunas: 2020,
Jordan Clarkson: 2020,
Josh Hart: 2020,
Josh Jackson: 2020,
Josh Richardson: 2020,
Jrue Holiday: 2020,
Julius Randle: 2020,11
Justin Holiday: 2020,
Justin Patton: 2020,
Justise Winslow: 2020,
Jusuf Nurkic: 2020,
Karl-Anthony Towns: 2020,
Kawhi Leonard: 2020,
Keldon Johnson: 2020,7
Kelly Olynyk: 2020,
Kelly Oubre Jr: 2020,
Kemba Walker: 2020,
Kendrick Nunn: 2020,
Kentavious Caldwell-Pope: 2020,
Kevin Durant: 2020,
Kevin Huerter: 2020,1
Khris Middleton: 2020,
Kristaps Porzingis: 2020,3
Kyle Anderson: 2020,
Kyle Kuzma: 2020,
Kyle Lowry: 2020,
Kyrie Irving: 2020,
LaMarcus Aldridge: 2020,
LaMelo Ball: 2020,
Landry Shamet: 2020,
Larry Nance Jr: 2020,
Lauri Markkanen: 2020,3
LeBron James: 2020,
Lonzo Ball: 2020,
Lou Williams: 2020,
Luguentz Dort: 2020,6
Luka Doncic: 2020,5
Malcolm Brogdon: 2020,
Malik Beasley: 2020,1
Malik Monk: 2020,
Marc Gasol: 2020,
Marcus Smart: 2020,
Markelle Fultz: 2020,
Marvin Bagley III: 2020,
Mason Plumlee: 2020,
Maxi Kleber: 2020,
Michael Carter-Williams: 2020,
Michael Porter Jr: 2020,8
Mikal Bridges: 2020,7
Mike Conley: 2020,
Miles Bridges: 2020,
Mitchell Robinson: 2020,
Monte Morris: 2020,
Montrezl Harrell: 2020,
Myles Turner: 2020,
Nerlens Noel: 2020,
Nicolas Batum: 2020,
Nikola Jokic: 2020,11
Nikola Vucevic: 2020,11
Norman Powell: 2020,
OG Anunoby: 2020,
PJ Tucker: 2020,
PJ Washington: 2020,
PJ Dozier: 2020,
Pascal Siakam: 2020,
Pat Connaughton: 2020,
Patrick Beverley: 2020,
Patrick Williams: 2020,
Patty Mills: 2020,1
Paul George: 2020,
Paul Millsap: 2020,
RJ Barrett: 2020,
Raul Neto: 2020,
Reggie Bullock: 2020,
Reggie Jackson: 2020,
Richaun Holmes: 2020,
Ricky Rubio: 2020,
Robert Covington: 2020,
Royce O'Neale: 2020,
Rudy Gay: 2020,
Rudy Gobert: 2020,
Rui Hachimura: 2020,
Russell Westbrook: 2020,
Saddiq Bey: 2020,
Serge Ibaka: 2020,
Seth Curry: 2020,
Shai Gilgeous-Alexander: 2020,
Shake Milton: 2020,
Stephen Curry: 2020,5
Sterling Brown: 2020,
Steven Adams: 2020,
TJ McConnell: 2020,
Taurean Prince: 2020,
Terrence Ross: 2020,
Terry Rozier: 2020,
Thaddeus Young: 2020,
Theo Maledon: 2020,
Thomas Bryant: 2020,
Tim Hardaway Jr: 2020,
Tobias Harris: 2020,
Tomas Satoransky: 2020,
Trae Young: 2020,
Tristan Thompson: 2020,
Ty Jerome: 2020,
Tyler Herro: 2020,
Tyrese Haliburton: 2020,
Tyus Jones: 2020,
Victor Oladipo: 2020,6
Wayne Ellington: 2020,
Wendell Carter Jr: 2020,
Wesley Matthews: 2020,
Will Barton: 2020,
Zach LaVine: 2020,
Zion Williamson: 2020,11
,277