Player,TEAM
Aaron Brooks: 2015,CHI
Aaron Gordon: 2015,ORL
Aaron Harrison: 2015,CHA
Adreian Payne: 2015,MIN
Al Horford: 2015,ATL
Al Jefferson: 2015,CHA
Al-Farouq Aminu: 2015,POR
Alan Anderson: 2015,WAS
Alan Williams: 2015,PHX
Alec Burks: 2015,UTA
Alex Len: 2015,PHX
Alex Stepheson: 2015,MEM
Alexis Ajinca: 2015,NOP
Allen Crabbe: 2015,POR
Alonzo Gee: 2015,NOP
Amar'e Stoudemire: 2015,MIA
Amir Johnson: 2015,BOS
Anderson Varejao: 2015,GSW
Andre Drummond: 2015,DET
Andre Iguodala: 2015,GSW
Andre Miller: 2015,SAS
Andre Roberson: 2015,OKC
Andrea Bargnani: 2015,BKN
Andrew Bogut: 2015,GSW
Andrew Goudelock: 2015,HOU
Andrew Nicholson: 2015,ORL
Andrew Wiggins: 2015,MIN
Anthony Bennett: 2015,TOR
Anthony Brown: 2015,LAL
Anthony Davis: 2015,NOP
Anthony Morrow: 2015,OKC
Anthony Tolliver: 2015,DET
Archie Goodwin: 2015,PHX
Aron Baynes: 2015,DET
Arron Afflalo: 2015,NYK
Austin Rivers: 2015,LAC
Avery Bradley: 2015,BOS
Axel Toupane: 2015,DEN
Ben McLemore: 2015,SAC
Beno Udrih: 2015,MEM
Bismack Biyombo: 2015,TOR
Blake Griffin: 2015,LAC
Boban Marjanovic: 2015,SAS
Bobby Portis: 2015,CHI
Bojan Bogdanovic: 2015,BKN
Boris Diaw: 2015,SAS
Bradley Beal: 2015,WAS
Brandan Wright: 2015,MEM
Branden Dawson: 2015,LAC
Brandon Bass: 2015,LAL
Brandon Jennings: 2015,ORL
Brandon Knight: 2015,PHX
Brandon Rush: 2015,GSW
Brian Roberts: 2015,POR
Briante Weber: 2015,MIA
Brook Lopez: 2015,BKN
Bruno Caboclo: 2015,TOR
Bryce Cotton: 2015,MEM
Bryce Dejean-Jones: 2015,NOP
C.J. Watson: 2015,ORL
C.J. Wilcox: 2015,LAC
CJ McCollum: 2015,POR
CJ Miles: 2015,IND
Cameron Bairstow: 2015,DET
Cameron Payne: 2015,OKC
Carl Landry: 2015,PHI
Carmelo Anthony: 2015,NYK
Caron Butler: 2015,SAC
Chandler Parsons: 2015,DAL
Channing Frye: 2015,CLE
Charlie Villanueva: 2015,DAL
Chase Budinger: 2015,PHX
Chris Andersen: 2015,MEM
Chris Bosh: 2015,MIA
Chris Copeland: 2015,MIL
Chris Johnson: 2015,UTA
Chris Kaman: 2015,POR
Chris McCullough: 2015,BKN
Chris Paul: 2015,LAC
Christian Wood: 2015,PHI
Chuck Hayes: 2015,LAC
Cleanthony Early: 2015,NYK
Cliff Alexander: 2015,POR
Clint Capela: 2015,HOU
Cody Zeller: 2015,CHA
Cole Aldrich: 2015,LAC
Corey Brewer: 2015,HOU
Cory Jefferson: 2015,PHX
Cory Joseph: 2015,TOR
Coty Clarke: 2015,BOS
Courtney Lee: 2015,CHA
Cristiano Felicio: 2015,CHI
D'Angelo Russell: 2015,LAL
D.J. Augustin: 2015,DEN
Dahntay Jones: 2015,CLE
Damian Lillard: 2015,POR
Damien Inglis: 2015,MIL
Damjan Rudez: 2015,MIN
Danilo Gallinari: 2015,DEN
Danny Green: 2015,SAS
Dante Cunningham: 2015,NOP
Darrell Arthur: 2015,DEN
Darren Collison: 2015,SAC
Darrun Hilliard: 2015,DET
David Lee: 2015,DAL
David West: 2015,SAS
DeAndre Jordan: 2015,LAC
DeJuan Blair: 2015,WAS
DeMar DeRozan: 2015,TOR
DeMarcus Cousins: 2015,SAC
DeMarre Carroll: 2015,TOR
Delon Wright: 2015,TOR
Dennis Schroder: 2015,ATL
Deron Williams: 2015,DAL
Derrick Favors: 2015,UTA
Derrick Rose: 2015,CHI
Derrick Williams: 2015,NYK
Devin Booker: 2015,PHX
Devin Harris: 2015,DAL
Devyn Marble: 2015,ORL
Dewayne Dedmon: 2015,ORL
Dion Waiters: 2015,OKC
Dirk Nowitzki: 2015,DAL
Donald Sloan: 2015,BKN
Donatas Motiejunas: 2015,HOU
Doug McDermott: 2015,CHI
Draymond Green: 2015,GSW
Drew Gooden: 2015,WAS
Duje Dukan: 2015,SAC
Dwight Howard: 2015,HOU
Dwight Powell: 2015,DAL
Dwyane Wade: 2015,MIA
E'Twaun Moore: 2015,CHI
Ed Davis: 2015,POR
Edy Tavares: 2015,ATL
Elfrid Payton: 2015,ORL
Elijah Millsap: 2015,UTA
Elliot Williams: 2015,CHA
Elton Brand: 2015,PHI
Emmanuel Mudiay: 2015,DEN
Enes Kanter: 2015,OKC
Eric Bledsoe: 2015,PHX
Eric Gordon: 2015,NOP
Eric Moreland: 2015,SAC
Erick Green: 2015,DEN
Ersan Ilyasova: 2015,ORL
Evan Fournier: 2015,ORL
Evan Turner: 2015,BOS
Festus Ezeli: 2015,GSW
Frank Kaminsky: 2015,CHA
Garrett Temple: 2015,WAS
Gary Harris: 2015,DEN
Gary Neal: 2015,WAS
George Hill: 2015,IND
Gerald Green: 2015,MIA
Gerald Henderson: 2015,POR
Giannis Antetokounmpo: 2015,MIL
Glenn Robinson III: 2015,IND
Goran Dragic: 2015,MIA
Gordon Hayward: 2015,UTA
Gorgui Dieng: 2015,MIN
Greg Monroe: 2015,MIL
Greg Smith: 2015,MIN
Greivis Vasquez: 2015,MIL
Harrison Barnes: 2015,GSW
Hassan Whiteside: 2015,MIA
Henry Sims: 2015,BKN
Hollis Thompson: 2015,PHI
Ian Clark: 2015,GSW
Ian Mahinmi: 2015,IND
Iman Shumpert: 2015,CLE
Isaiah Canaan: 2015,PHI
Isaiah Thomas: 2015,BOS
Ish Smith: 2015,PHI
J.J. Barea: 2015,DAL
JJ Hickson: 2015,WAS
JJ O'Brien: 2015,UTA
JJ Redick: 2015,LAC
JR Smith: 2015,CLE
JaKarr Sampson: 2015,DEN
JaMychal Green: 2015,MEM
JaVale McGee: 2015,DAL
Jabari Parker: 2015,MIL
Jae Crowder: 2015,BOS
Jahlil Okafor: 2015,PHI
Jamal Crawford: 2015,LAC
Jameer Nelson: 2015,DEN
James Anderson: 2015,SAC
James Ennis III: 2015,NOP
James Harden: 2015,HOU
James Johnson: 2015,TOR
James Jones: 2015,CLE
James Michael McAdoo: 2015,GSW
James Young: 2015,BOS
Jared Cunningham: 2015,CLE
Jared Dudley: 2015,WAS
Jared Sullinger: 2015,BOS
Jarell Eddie: 2015,WAS
Jarell Martin: 2015,MEM
Jarnell Stokes: 2015,MEM
Jarrett Jack: 2015,BKN
Jason Smith: 2015,ORL
Jason Terry: 2015,HOU
Jason Thompson: 2015,TOR
Jeff Ayres: 2015,LAC
Jeff Green: 2015,LAC
Jeff Teague: 2015,ATL
Jeff Withey: 2015,UTA
Jerami Grant: 2015,PHI
Jeremy Evans: 2015,DAL
Jeremy Lamb: 2015,CHA
Jeremy Lin: 2015,CHA
Jerian Grant: 2015,NYK
Jerryd Bayless: 2015,MIL
Jimmer Fredette: 2015,SAS
Jimmy Butler: 2015,CHI
Joakim Noah: 2015,CHI
Jodie Meeks: 2015,DET
Joe Harris: 2015,CLE
Joe Ingles: 2015,UTA
Joe Johnson: 2015,MIA
Joe Young: 2015,IND
Joel Anthony: 2015,DET
Joffrey Lauvergne: 2015,DEN
John Henson: 2015,MIL
John Jenkins: 2015,PHX
John Wall: 2015,WAS
Johnny O'Bryant III: 2015,MIL
Jon Leuer: 2015,PHX
Jonas Jerebko: 2015,BOS
Jonas Valanciunas: 2015,TOR
Jonathon Simmons: 2015,SAS
Jordan Adams: 2015,MEM
Jordan Clarkson: 2015,LAL
Jordan Farmar: 2015,MEM
Jordan Hamilton: 2015,NOP
Jordan Hill: 2015,IND
Jordan McRae: 2015,CLE
Jordan Mickey: 2015,BOS
Jorge Gutierrez: 2015,CHA
Jose Calderon: 2015,NYK
Josh Huestis: 2015,OKC
Josh McRoberts: 2015,MIA
Josh Richardson: 2015,MIA
Josh Smith: 2015,HOU
Jrue Holiday: 2015,NOP
Julius Randle: 2015,LAL
Justin Anderson: 2015,DAL
Justin Harper: 2015,BKN
Justin Holiday: 2015,CHI
Justise Winslow: 2015,MIA
Jusuf Nurkic: 2015,DEN
KJ McDaniels: 2015,HOU
Karl-Anthony Towns: 2015,MIN
Kawhi Leonard: 2015,SAS
Keith Appling: 2015,ORL
Kelly Olynyk: 2015,BOS
Kelly Oubre Jr.: 2015,WAS
Kemba Walker: 2015,CHA
Kendall Marshall: 2015,PHI
Kendrick Perkins: 2015,NOP
Kenneth Faried: 2015,DEN
Kent Bazemore: 2015,ATL
Kentavious Caldwell-Pope: 2015,DET
Kevin Durant: 2015,OKC
Kevin Garnett: 2015,MIN
Kevin Love: 2015,CLE
Kevin Martin: 2015,SAS
Kevin Seraphin: 2015,NYK
Kevon Looney: 2015,GSW
Khris Middleton: 2015,MIL
Kirk Hinrich: 2015,ATL
Klay Thompson: 2015,GSW
Kobe Bryant: 2015,LAL
Kosta Koufos: 2015,SAC
Kostas Papanikolaou: 2015,DEN
Kris Humphries: 2015,ATL
Kristaps Porzingis: 2015,NYK
Kyle Anderson: 2015,SAS
Kyle Korver: 2015,ATL
Kyle Lowry: 2015,TOR
Kyle O'Quinn: 2015,NYK
Kyle Singler: 2015,OKC
Kyrie Irving: 2015,CLE
LaMarcus Aldridge: 2015,SAS
Lamar Patterson: 2015,ATL
Lance Stephenson: 2015,MEM
Lance Thomas: 2015,NYK
Langston Galloway: 2015,NYK
Larry Nance Jr.: 2015,LAL
Lavoy Allen: 2015,IND
LeBron James: 2015,CLE
Leandro Barbosa: 2015,GSW
Lorenzo Brown: 2015,DET
Lou Amundson: 2015,NYK
Lou Williams: 2015,LAL
Luc Mbah a Moute: 2015,LAC
Lucas Nogueira: 2015,TOR
Luis Montero: 2015,POR
Luis Scola: 2015,TOR
Luke Babbitt: 2015,NOP
Luol Deng: 2015,MIA
Manu Ginobili: 2015,SAS
Marc Gasol: 2015,MEM
Marcelo Huertas: 2015,LAL
Marcin Gortat: 2015,WAS
Marco Belinelli: 2015,SAC
Marcus Morris Sr.: 2015,DET
Marcus Smart: 2015,BOS
Marcus Thornton: 2015,WAS
Mario Chalmers: 2015,MIA
Mario Hezonja: 2015,ORL
Markel Brown: 2015,BKN
Markieff Morris: 2015,WAS
Marreese Speights: 2015,GSW
Marvin Williams: 2015,CHA
Mason Plumlee: 2015,POR
Matt Barnes: 2015,MEM
Matt Bonner: 2015,SAS
Matthew Dellavedova: 2015,CLE
Maurice Harkless: 2015,POR
Metta World Peace: 2015,LAL
Meyers Leonard: 2015,POR
Michael Beasley: 2015,HOU
Michael Carter-Williams: 2015,MIL
Michael Kidd-Gilchrist: 2015,CHA
Mike Conley: 2015,MEM
Mike Dunleavy: 2015,CHI
Mike Miller: 2015,DEN
Mike Muscala: 2015,ATL
Mike Scott: 2015,ATL
Miles Plumlee: 2015,MIL
Mirza Teletovic: 2015,PHX
Mitch McGary: 2015,OKC
Mo Williams: 2015,CLE
Monta Ellis: 2015,IND
Montrezl Harrell: 2015,HOU
Myles Turner: 2015,IND
Nate Robinson: 2015,NOP
Nazr Mohammed: 2015,OKC
Nemanja Bjelica: 2015,MIN
Nene: 2015,WAS
Nerlens Noel: 2015,PHI
Nick Collison: 2015,OKC
Nick Young: 2015,LAL
Nicolas Batum: 2015,CHA
Nik Stauskas: 2015,PHI
Nikola Jokic: 2015,DEN
Nikola Mirotic: 2015,CHI
Nikola Pekovic: 2015,MIN
Nikola Vucevic: 2015,ORL
Noah Vonleh: 2015,POR
Norman Powell: 2015,TOR
Norris Cole: 2015,NOP
O.J. Mayo: 2015,MIL
Omer Asik: 2015,NOP
Omri Casspi: 2015,SAC
Orlando Johnson: 2015,NOP
Otto Porter Jr.: 2015,WAS
P.J. Tucker: 2015,PHX
PJ Hairston: 2015,MEM
Pablo Prigioni: 2015,LAC
Pat Connaughton: 2015,POR
Patrick Beverley: 2015,HOU
Patrick Patterson: 2015,TOR
Patty Mills: 2015,SAS
Pau Gasol: 2015,CHI
Paul George: 2015,IND
Paul Millsap: 2015,ATL
Paul Pierce: 2015,LAC
Phil Pressey: 2015,POR
Quincy Acy: 2015,SAC
RJ Hunter: 2015,BOS
Rajon Rondo: 2015,SAC
Rakeem Christmas: 2015,IND
Ramon Sessions: 2015,WAS
Randy Foye: 2015,OKC
Rashad Vaughn: 2015,MIL
Rasual Butler: 2015,SAS
Raul Neto: 2015,UTA
Ray McCallum: 2015,SAS
Raymond Felton: 2015,DAL
Reggie Bullock: 2015,DET
Reggie Jackson: 2015,DET
Richard Jefferson: 2015,CLE
Richaun Holmes: 2015,PHI
Ricky Rubio: 2015,MIN
Robert Covington: 2015,PHI
Robert Sacre: 2015,LAL
Robin Lopez: 2015,NYK
Rodney Hood: 2015,UTA
Rodney Stuckey: 2015,IND
Rondae Hollis-Jefferson: 2015,BKN
Ronnie Price: 2015,PHX
Roy Hibbert: 2015,LAL
Rudy Gay: 2015,SAC
Rudy Gobert: 2015,UTA
Russ Smith: 2015,MEM
Russell Westbrook: 2015,OKC
Ryan Anderson: 2015,NOP
Ryan Hollins: 2015,MEM
Ryan Kelly: 2015,LAL
Salah Mejri: 2015,DAL
Sam Dekker: 2015,HOU
Sasha Kaun: 2015,CLE
Sasha Vujacic: 2015,NYK
Sean Kilpatrick: 2015,BKN
Serge Ibaka: 2015,OKC
Sergey Karasev: 2015,BKN
Seth Curry: 2015,SAC
Shabazz Muhammad: 2015,MIN
Shabazz Napier: 2015,ORL
Shane Larkin: 2015,BKN
Shaun Livingston: 2015,GSW
Shayne Whittington: 2015,IND
Shelvin Mack: 2015,UTA
Solomon Hill: 2015,IND
Sonny Weems: 2015,PHX
Spencer Dinwiddie: 2015,CHI
Spencer Hawes: 2015,CHA
Stanley Johnson: 2015,DET
Stephen Curry: 2015,GSW
Steve Blake: 2015,DET
Steve Novak: 2015,MIL
Steven Adams: 2015,OKC
T.J. McConnell: 2015,PHI
T.J. Warren: 2015,PHX
Taj Gibson: 2015,CHI
Tarik Black: 2015,LAL
Tayshaun Prince: 2015,MIN
Terrence Jones: 2015,HOU
Terrence Ross: 2015,TOR
Terry Rozier: 2015,BOS
Thabo Sefolosha: 2015,ATL
Thaddeus Young: 2015,BKN
Thanasis Antetokounmpo: 2015,NYK
Thomas Robinson: 2015,BKN
Tiago Splitter: 2015,ATL
Tibor Pleiss: 2015,UTA
Tim Duncan: 2015,SAS
Tim Frazier: 2015,NOP
Tim Hardaway Jr.: 2015,ATL
Timofey Mozgov: 2015,CLE
Tobias Harris: 2015,DET
Toney Douglas: 2015,NOP
Tony Allen: 2015,MEM
Tony Parker: 2015,SAS
Tony Snell: 2015,CHI
Tony Wroten: 2015,NYK
Trevor Ariza: 2015,HOU
Trevor Booker: 2015,UTA
Trey Burke: 2015,UTA
Trey Lyles: 2015,UTA
Tristan Thompson: 2015,CLE
Troy Daniels: 2015,CHA
Ty Lawson: 2015,IND
Tyler Ennis: 2015,MIL
Tyler Hansbrough: 2015,CHA
Tyler Johnson: 2015,MIA
Tyler Zeller: 2015,BOS
Tyreke Evans: 2015,NOP
Tyson Chandler: 2015,PHX
Tyus Jones: 2015,MIN
Udonis Haslem: 2015,MIA
Victor Oladipo: 2015,ORL
Vince Carter: 2015,MEM
Wayne Ellington: 2015,BKN
Wesley Johnson: 2015,LAC
Wesley Matthews: 2015,DAL
Will Barton: 2015,DEN
Willie Cauley-Stein: 2015,SAC
Willie Reed: 2015,BKN
Xavier Munford: 2015,MEM
Zach LaVine: 2015,MIN
Zach Randolph: 2015,MEM
Zaza Pachulia: 2015,DAL
AJ Hammons: 2016,DAL
Aaron Brooks: 2016,IND
Aaron Gordon: 2016,ORL
Aaron Harrison: 2016,CHA
Adreian Payne: 2016,MIN
Al Horford: 2016,BOS
Al Jefferson: 2016,IND
Al-Farouq Aminu: 2016,POR
Alan Anderson: 2016,LAC
Alan Williams: 2016,PHX
Alec Burks: 2016,UTA
Alex Abrines: 2016,OKC
Alex Len: 2016,PHX
Alex Poythress: 2016,PHI
Alexis Ajinca: 2016,NOP
Allen Crabbe: 2016,POR
Alonzo Gee: 2016,DEN
Amir Johnson: 2016,BOS
Anderson Varejao: 2016,GSW
Andre Drummond: 2016,DET
Andre Iguodala: 2016,GSW
Andre Roberson: 2016,OKC
Andrew Bogut: 2016,CLE
Andrew Harrison: 2016,MEM
Andrew Nicholson: 2016,BKN
Andrew Wiggins: 2016,MIN
Anthony Bennett: 2016,BKN
Anthony Brown: 2016,ORL
Anthony Davis: 2016,NOP
Anthony Morrow: 2016,CHI
Anthony Tolliver: 2016,SAC
Archie Goodwin: 2016,BKN
Arinze Onuaku: 2016,ORL
Aron Baynes: 2016,DET
Arron Afflalo: 2016,SAC
Austin Rivers: 2016,LAC
Avery Bradley: 2016,BOS
Axel Toupane: 2016,NOP
Ben Bentil: 2016,DAL
Ben McLemore: 2016,SAC
Beno Udrih: 2016,DET
Bismack Biyombo: 2016,ORL
Blake Griffin: 2016,LAC
Boban Marjanovic: 2016,DET
Bobby Brown: 2016,HOU
Bobby Portis: 2016,CHI
Bojan Bogdanovic: 2016,WAS
Boris Diaw: 2016,UTA
Bradley Beal: 2016,WAS
Brandan Wright: 2016,MEM
Brandon Bass: 2016,LAC
Brandon Ingram: 2016,LAL
Brandon Jennings: 2016,WAS
Brandon Knight: 2016,PHX
Brandon Rush: 2016,MIN
Brian Roberts: 2016,CHA
Briante Weber: 2016,CHA
Brice Johnson: 2016,LAC
Brook Lopez: 2016,BKN
Bruno Caboclo: 2016,TOR
Bryn Forbes: 2016,SAS
Buddy Hield: 2016,SAC
C.J. Watson: 2016,ORL
C.J. Wilcox: 2016,ORL
CJ McCollum: 2016,POR
CJ Miles: 2016,IND
Cameron Payne: 2016,CHI
Caris LeVert: 2016,BKN
Carmelo Anthony: 2016,NYK
Chandler Parsons: 2016,MEM
Channing Frye: 2016,CLE
Chasson Randle: 2016,NYK
Cheick Diallo: 2016,NOP
Chinanu Onuaku: 2016,HOU
Chris Andersen: 2016,CLE
Chris McCullough: 2016,WAS
Chris Paul: 2016,LAC
Christian Wood: 2016,CHA
Clint Capela: 2016,HOU
Cody Zeller: 2016,CHA
Cole Aldrich: 2016,MIN
Corey Brewer: 2016,LAL
Cory Joseph: 2016,TOR
Courtney Lee: 2016,NYK
Cristiano Felicio: 2016,CHI
D'Angelo Russell: 2016,LAL
D.J. Augustin: 2016,ORL
Dahntay Jones: 2016,CLE
Damian Jones: 2016,GSW
Damian Lillard: 2016,POR
Damjan Rudez: 2016,ORL
Daniel Ochefu: 2016,WAS
Danilo Gallinari: 2016,DEN
Danny Green: 2016,SAS
Dante Cunningham: 2016,NOP
Dante Exum: 2016,UTA
Danuel House Jr.: 2016,WAS
Dario Saric: 2016,PHI
Darrell Arthur: 2016,DEN
Darren Collison: 2016,SAC
Darrun Hilliard: 2016,DET
David Lee: 2016,SAS
David Nwaba: 2016,LAL
David West: 2016,GSW
Davis Bertans: 2016,SAS
DeAndre Jordan: 2016,LAC
DeAndre Liggins: 2016,DAL
DeAndre' Bembry: 2016,ATL
DeMar DeRozan: 2016,TOR
DeMarcus Cousins: 2016,NOP
DeMarre Carroll: 2016,TOR
Dejounte Murray: 2016,SAS
Delon Wright: 2016,TOR
Demetrius Jackson: 2016,BOS
Dennis Schroder: 2016,ATL
Denzel Valentine: 2016,CHI
Deron Williams: 2016,CLE
Derrick Favors: 2016,UTA
Derrick Jones Jr.: 2016,PHX
Derrick Rose: 2016,NYK
Derrick Williams: 2016,CLE
Devin Booker: 2016,PHX
Devin Harris: 2016,DAL
Dewayne Dedmon: 2016,SAS
Deyonta Davis: 2016,MEM
Diamond Stone: 2016,LAC
Dion Waiters: 2016,MIA
Dirk Nowitzki: 2016,DAL
Domantas Sabonis: 2016,OKC
Donatas Motiejunas: 2016,NOP
Dorian Finney-Smith: 2016,DAL
Doug McDermott: 2016,OKC
Dragan Bender: 2016,PHX
Draymond Green: 2016,GSW
Dwight Howard: 2016,ATL
Dwight Powell: 2016,DAL
Dwyane Wade: 2016,CHI
E'Twaun Moore: 2016,NOP
Ed Davis: 2016,POR
Edy Tavares: 2016,CLE
Elfrid Payton: 2016,ORL
Elijah Millsap: 2016,PHX
Emmanuel Mudiay: 2016,DEN
Enes Kanter: 2016,OKC
Eric Bledsoe: 2016,PHX
Eric Gordon: 2016,HOU
Ersan Ilyasova: 2016,ATL
Evan Fournier: 2016,ORL
Evan Turner: 2016,POR
Frank Kaminsky: 2016,CHA
Fred VanVleet: 2016,TOR
Garrett Temple: 2016,SAC
Gary Harris: 2016,DEN
Gary Neal: 2016,ATL
Gary Payton II: 2016,MIL
George Hill: 2016,UTA
Georges Niang: 2016,IND
Georgios Papagiannis: 2016,SAC
Gerald Green: 2016,BOS
Gerald Henderson: 2016,PHI
Giannis Antetokounmpo: 2016,MIL
Glenn Robinson III: 2016,IND
Goran Dragic: 2016,MIA
Gordon Hayward: 2016,UTA
Gorgui Dieng: 2016,MIN
Greg Monroe: 2016,MIL
Greivis Vasquez: 2016,BKN
Harrison Barnes: 2016,DAL
Hassan Whiteside: 2016,MIA
Henry Ellenson: 2016,DET
Hollis Thompson: 2016,NOP
Ian Clark: 2016,GSW
Ian Mahinmi: 2016,WAS
Iman Shumpert: 2016,CLE
Isaiah Canaan: 2016,CHI
Isaiah Taylor: 2016,HOU
Isaiah Thomas: 2016,BOS
Isaiah Whitehead: 2016,BKN
Ish Smith: 2016,DET
Ivica Zubac: 2016,LAL
J.J. Barea: 2016,DAL
JJ Redick: 2016,LAC
JR Smith: 2016,CLE
JaMychal Green: 2016,MEM
JaVale McGee: 2016,GSW
Jabari Parker: 2016,MIL
Jae Crowder: 2016,BOS
Jahlil Okafor: 2016,PHI
Jake Layman: 2016,POR
Jakob Poeltl: 2016,TOR
Jamal Crawford: 2016,LAC
Jamal Murray: 2016,DEN
Jameer Nelson: 2016,DEN
James Ennis III: 2016,MEM
James Harden: 2016,HOU
James Johnson: 2016,MIA
James Jones: 2016,CLE
James Michael McAdoo: 2016,GSW
James Young: 2016,BOS
Jared Dudley: 2016,PHX
Jared Sullinger: 2016,TOR
Jarell Eddie: 2016,PHX
Jarell Martin: 2016,MEM
Jarnell Stokes: 2016,DEN
Jarrett Jack: 2016,NOP
Jarrod Uthoff: 2016,DAL
Jason Smith: 2016,WAS
Jason Terry: 2016,MIL
Jaylen Brown: 2016,BOS
Jeff Green: 2016,ORL
Jeff Teague: 2016,IND
Jeff Withey: 2016,UTA
Jerami Grant: 2016,OKC
Jeremy Lamb: 2016,CHA
Jeremy Lin: 2016,BKN
Jerian Grant: 2016,CHI
Jerryd Bayless: 2016,PHI
Jimmy Butler: 2016,CHI
Joakim Noah: 2016,NYK
Jodie Meeks: 2016,ORL
Joe Harris: 2016,BKN
Joe Ingles: 2016,UTA
Joe Johnson: 2016,UTA
Joe Young: 2016,IND
Joel Anthony: 2016,SAS
Joel Bolomboy: 2016,UTA
Joel Embiid: 2016,PHI
Joffrey Lauvergne: 2016,CHI
John Henson: 2016,MIL
John Jenkins: 2016,PHX
John Lucas III: 2016,MIN
John Wall: 2016,WAS
Johnny O'Bryant III: 2016,CHA
Jon Leuer: 2016,DET
Jonas Jerebko: 2016,BOS
Jonas Valanciunas: 2016,TOR
Jonathan Gibson: 2016,DAL
Jonathon Simmons: 2016,SAS
Jordan Clarkson: 2016,LAL
Jordan Crawford: 2016,NOP
Jordan Farmar: 2016,SAC
Jordan Hill: 2016,MIN
Jordan McRae: 2016,CLE
Jordan Mickey: 2016,BOS
Jose Calderon: 2016,ATL
Josh Huestis: 2016,OKC
Josh McRoberts: 2016,MIA
Josh Richardson: 2016,MIA
Jrue Holiday: 2016,NOP
Juancho Hernangomez: 2016,DEN
Julius Randle: 2016,LAL
Justin Anderson: 2016,PHI
Justin Hamilton: 2016,BKN
Justin Harper: 2016,PHI
Justin Holiday: 2016,NYK
Justise Winslow: 2016,MIA
Jusuf Nurkic: 2016,POR
KJ McDaniels: 2016,BKN
Karl-Anthony Towns: 2016,MIN
Kawhi Leonard: 2016,SAS
Kay Felder: 2016,CLE
Kelly Olynyk: 2016,BOS
Kelly Oubre Jr.: 2016,WAS
Kemba Walker: 2016,CHA
Kenneth Faried: 2016,DEN
Kent Bazemore: 2016,ATL
Kentavious Caldwell-Pope: 2016,DET
Kevin Durant: 2016,GSW
Kevin Love: 2016,CLE
Kevin Seraphin: 2016,IND
Kevon Looney: 2016,GSW
Khris Middleton: 2016,MIL
Klay Thompson: 2016,GSW
Kosta Koufos: 2016,SAC
Kris Dunn: 2016,MIN
Kris Humphries: 2016,ATL
Kristaps Porzingis: 2016,NYK
Kyle Anderson: 2016,SAS
Kyle Korver: 2016,CLE
Kyle Lowry: 2016,TOR
Kyle O'Quinn: 2016,NYK
Kyle Singler: 2016,OKC
Kyle Wiltjer: 2016,HOU
Kyrie Irving: 2016,CLE
LaMarcus Aldridge: 2016,SAS
Lamar Patterson: 2016,ATL
Lance Stephenson: 2016,IND
Lance Thomas: 2016,NYK
Langston Galloway: 2016,SAC
Larry Nance Jr.: 2016,LAL
Larry Sanders: 2016,CLE
Lavoy Allen: 2016,IND
LeBron James: 2016,CLE
Leandro Barbosa: 2016,PHX
Lou Williams: 2016,HOU
Luc Mbah a Moute: 2016,LAC
Lucas Nogueira: 2016,TOR
Luis Scola: 2016,BKN
Luke Babbitt: 2016,MIA
Luol Deng: 2016,LAL
Malachi Richardson: 2016,SAC
Malcolm Brogdon: 2016,MIL
Malcolm Delaney: 2016,ATL
Malik Beasley: 2016,DEN
Manny Harris: 2016,DAL
Manu Ginobili: 2016,SAS
Marc Gasol: 2016,MEM
Marcelo Huertas: 2016,LAL
Marcin Gortat: 2016,WAS
Marco Belinelli: 2016,CHA
Marcus Georges-Hunt: 2016,ORL
Marcus Morris Sr.: 2016,DET
Marcus Smart: 2016,BOS
Marcus Thornton: 2016,WAS
Mario Hezonja: 2016,ORL
Markieff Morris: 2016,WAS
Marquese Chriss: 2016,PHX
Marreese Speights: 2016,LAC
Marshall Plumlee: 2016,NYK
Marvin Williams: 2016,CHA
Mason Plumlee: 2016,DEN
Matt Barnes: 2016,GSW
Matthew Dellavedova: 2016,MIL
Maurice Harkless: 2016,POR
Maurice Ndour: 2016,NYK
Metta World Peace: 2016,LAL
Meyers Leonard: 2016,POR
Michael Beasley: 2016,MIL
Michael Carter-Williams: 2016,CHI
Michael Gbinije: 2016,DET
Michael Kidd-Gilchrist: 2016,CHA
Mike Conley: 2016,MEM
Mike Dunleavy: 2016,ATL
Mike Miller: 2016,DEN
Mike Muscala: 2016,ATL
Mike Scott: 2016,ATL
Mike Tobey: 2016,CHA
Miles Plumlee: 2016,CHA
Mindaugas Kuzminskas: 2016,NYK
Mirza Teletovic: 2016,MIL
Monta Ellis: 2016,IND
Montrezl Harrell: 2016,HOU
Myles Turner: 2016,IND
Nemanja Bjelica: 2016,MIN
Nene: 2016,HOU
Nerlens Noel: 2016,DAL
Nick Collison: 2016,OKC
Nick Young: 2016,LAL
Nicolas Batum: 2016,CHA
Nicolas Brussino: 2016,DAL
Nicolas Laprovittola: 2016,SAS
Nik Stauskas: 2016,PHI
Nikola Jokic: 2016,DEN
Nikola Mirotic: 2016,CHI
Nikola Vucevic: 2016,ORL
Noah Vonleh: 2016,POR
Norman Powell: 2016,TOR
Norris Cole: 2016,OKC
Okaro White: 2016,MIA
Omer Asik: 2016,NOP
Omri Casspi: 2016,MIN
Otto Porter Jr.: 2016,WAS
P.J. Tucker: 2016,TOR
Pascal Siakam: 2016,TOR
Pat Connaughton: 2016,POR
Patricio Garino: 2016,ORL
Patrick Beverley: 2016,HOU
Patrick McCaw: 2016,GSW
Patrick Patterson: 2016,TOR
Patty Mills: 2016,SAS
Pau Gasol: 2016,SAS
Paul George: 2016,IND
Paul Millsap: 2016,ATL
Paul Pierce: 2016,LAC
Paul Zipser: 2016,CHI
Pierre Jackson: 2016,DAL
Quincy Acy: 2016,BKN
Quinn Cook: 2016,NOP
RJ Hunter: 2016,CHI
Rajon Rondo: 2016,CHI
Rakeem Christmas: 2016,IND
Ramon Sessions: 2016,CHA
Randy Foye: 2016,BKN
Rashad Vaughn: 2016,MIL
Raul Neto: 2016,UTA
Raymond Felton: 2016,LAC
Reggie Bullock: 2016,DET
Reggie Jackson: 2016,DET
Reggie Williams: 2016,NOP
Richard Jefferson: 2016,CLE
Richaun Holmes: 2016,PHI
Ricky Rubio: 2016,MIN
Robert Covington: 2016,PHI
Robin Lopez: 2016,CHI
Rodney Hood: 2016,UTA
Rodney McGruder: 2016,MIA
Rodney Stuckey: 2016,IND
Ron Baker: 2016,NYK
Rondae Hollis-Jefferson: 2016,BKN
Ronnie Price: 2016,PHX
Roy Hibbert: 2016,DEN
Rudy Gay: 2016,SAC
Rudy Gobert: 2016,UTA
Russell Westbrook: 2016,OKC
Ryan Anderson: 2016,HOU
Ryan Kelly: 2016,ATL
Salah Mejri: 2016,DAL
Sam Dekker: 2016,HOU
Sasha Vujacic: 2016,NYK
Sean Kilpatrick: 2016,BKN
Semaj Christon: 2016,OKC
Serge Ibaka: 2016,TOR
Sergio Rodriguez: 2016,PHI
Seth Curry: 2016,DAL
Shabazz Muhammad: 2016,MIN
Shabazz Napier: 2016,POR
Shaun Livingston: 2016,GSW
Shawn Long: 2016,PHI
Sheldon Mac: 2016,WAS
Shelvin Mack: 2016,UTA
Skal Labissiere: 2016,SAC
Solomon Hill: 2016,NOP
Spencer Dinwiddie: 2016,BKN
Spencer Hawes: 2016,MIL
Stanley Johnson: 2016,DET
Stephen Curry: 2016,GSW
Stephen Zimmerman: 2016,ORL
Steve Novak: 2016,MIL
Steven Adams: 2016,OKC
T.J. McConnell: 2016,PHI
T.J. Warren: 2016,PHX
Taj Gibson: 2016,OKC
Tarik Black: 2016,LAL
Taurean Prince: 2016,ATL
Terrence Jones: 2016,MIL
Terrence Ross: 2016,ORL
Terry Rozier: 2016,BOS
Thabo Sefolosha: 2016,ATL
Thaddeus Young: 2016,IND
Thomas Robinson: 2016,LAL
Thon Maker: 2016,MIL
Tiago Splitter: 2016,PHI
Tim Frazier: 2016,NOP
Tim Hardaway Jr.: 2016,ATL
Tim Quarterman: 2016,POR
Timofey Mozgov: 2016,LAL
Timothe Luwawu-Cabarrot: 2016,PHI
Tobias Harris: 2016,DET
Tomas Satoransky: 2016,WAS
Toney Douglas: 2016,MEM
Tony Allen: 2016,MEM
Tony Parker: 2016,SAS
Tony Snell: 2016,MIL
Treveon Graham: 2016,CHA
Trevor Ariza: 2016,HOU
Trevor Booker: 2016,BKN
Trey Burke: 2016,WAS
Trey Lyles: 2016,UTA
Tristan Thompson: 2016,CLE
Troy Daniels: 2016,MEM
Troy Williams: 2016,HOU
Ty Lawson: 2016,SAC
Tyler Ennis: 2016,LAL
Tyler Johnson: 2016,MIA
Tyler Ulis: 2016,PHX
Tyler Zeller: 2016,BOS
Tyreke Evans: 2016,SAC
Tyson Chandler: 2016,PHX
Tyus Jones: 2016,MIN
Udonis Haslem: 2016,MIA
Victor Oladipo: 2016,OKC
Vince Carter: 2016,MEM
Wade Baldwin IV: 2016,MEM
Wayne Ellington: 2016,MIA
Wayne Selden: 2016,MEM
Wesley Johnson: 2016,LAC
Wesley Matthews: 2016,DAL
Will Barton: 2016,DEN
Willie Cauley-Stein: 2016,SAC
Willie Reed: 2016,MIA
Willy Hernangomez: 2016,NYK
Wilson Chandler: 2016,DEN
Yogi Ferrell: 2016,DAL
Zach LaVine: 2016,MIN
Zach Randolph: 2016,MEM
Zaza Pachulia: 2016,GSW
Aaron Brooks: 2017,MIN
Aaron Gordon: 2017,ORL
Aaron Harrison: 2017,DAL
Aaron Jackson: 2017,HOU
Abdel Nader: 2017,BOS
Adreian Payne: 2017,ORL
Al Horford: 2017,BOS
Al Jefferson: 2017,IND
Al-Farouq Aminu: 2017,POR
Alan Williams: 2017,PHX
Alec Burks: 2017,UTA
Alec Peters: 2017,PHX
Alex Abrines: 2017,OKC
Alex Caruso: 2017,LAL
Alex Len: 2017,PHX
Alex Poythress: 2017,IND
Alfonzo McKinnie: 2017,TOR
Allen Crabbe: 2017,BKN
Amir Johnson: 2017,PHI
Andre Drummond: 2017,DET
Andre Iguodala: 2017,GSW
Andre Ingram: 2017,LAL
Andre Roberson: 2017,OKC
Andrew Bogut: 2017,LAL
Andrew Harrison: 2017,MEM
Andrew White III: 2017,ATL
Andrew Wiggins: 2017,MIN
Ante Zizic: 2017,CLE
Anthony Brown: 2017,MIN
Anthony Davis: 2017,NOP
Anthony Tolliver: 2017,DET
Antonio Blakeney: 2017,CHI
Antonius Cleveland: 2017,ATL
Aron Baynes: 2017,BOS
Arron Afflalo: 2017,ORL
Austin Rivers: 2017,LAC
Avery Bradley: 2017,LAC
Bam Adebayo: 2017,MIA
Ben McLemore: 2017,MEM
Ben Moore: 2017,IND
Ben Simmons: 2017,PHI
Bismack Biyombo: 2017,ORL
Blake Griffin: 2017,DET
Boban Marjanovic: 2017,LAC
Bobby Brown: 2017,HOU
Bobby Portis: 2017,CHI
Bogdan Bogdanovic: 2017,SAC
Bojan Bogdanovic: 2017,IND
Bradley Beal: 2017,WAS
Brandan Wright: 2017,HOU
Brandon Ingram: 2017,LAL
Brandon Jennings: 2017,MIL
Brandon Paul: 2017,SAS
Briante Weber: 2017,MEM
Brice Johnson: 2017,MEM
Brook Lopez: 2017,LAL
Bruno Caboclo: 2017,SAC
Bryn Forbes: 2017,SAS
Buddy Hield: 2017,SAC
C.J. Williams: 2017,LAC
CJ McCollum: 2017,POR
CJ Miles: 2017,TOR
Caleb Swanigan: 2017,POR
Cameron Payne: 2017,CHI
Caris LeVert: 2017,BKN
Carmelo Anthony: 2017,OKC
Cedi Osman: 2017,CLE
Chandler Parsons: 2017,MEM
Channing Frye: 2017,LAL
Charles Cooke: 2017,NOP
Cheick Diallo: 2017,NOP
Chinanu Onuaku: 2017,HOU
Chris Boucher: 2017,GSW
Chris McCullough: 2017,WAS
Chris Paul: 2017,HOU
Clint Capela: 2017,HOU
Cody Zeller: 2017,CHA
Cole Aldrich: 2017,MIN
Corey Brewer: 2017,OKC
Cory Joseph: 2017,IND
Courtney Lee: 2017,NYK
Cristiano Felicio: 2017,CHI
D'Angelo Russell: 2017,BKN
D.J. Augustin: 2017,ORL
D.J. Wilson: 2017,MIL
Dakari Johnson: 2017,OKC
Damian Jones: 2017,GSW
Damian Lillard: 2017,POR
Damien Wilkins: 2017,IND
Damion Lee: 2017,ATL
Damyean Dotson: 2017,NYK
Daniel Hamilton: 2017,OKC
Daniel Theis: 2017,BOS
Danilo Gallinari: 2017,LAC
Danny Green: 2017,SAS
Dante Cunningham: 2017,BKN
Dante Exum: 2017,UTA
Danuel House Jr.: 2017,PHX
Dario Saric: 2017,PHI
Darius Miller: 2017,NOP
Darrell Arthur: 2017,DEN
Darren Collison: 2017,IND
Darrun Hilliard: 2017,SAS
David Nwaba: 2017,CHI
David Stockton: 2017,UTA
David West: 2017,GSW
Davis Bertans: 2017,SAS
Davon Reed: 2017,PHX
De'Aaron Fox: 2017,SAC
DeAndre Jordan: 2017,LAC
DeAndre Liggins: 2017,NOP
DeAndre' Bembry: 2017,ATL
DeMar DeRozan: 2017,TOR
DeMarcus Cousins: 2017,NOP
DeMarre Carroll: 2017,BKN
Dejounte Murray: 2017,SAS
Delon Wright: 2017,TOR
Demetrius Jackson: 2017,PHI
Dennis Schroder: 2017,ATL
Dennis Smith Jr.: 2017,DAL
Denzel Valentine: 2017,CHI
Derrick Favors: 2017,UTA
Derrick Jones Jr.: 2017,MIA
Derrick Rose: 2017,MIN
Derrick Walton Jr.: 2017,MIA
Derrick White: 2017,SAS
Derrick Williams: 2017,LAL
Devin Booker: 2017,PHX
Devin Harris: 2017,DEN
Devin Robinson: 2017,WAS
Dewayne Dedmon: 2017,ATL
Deyonta Davis: 2017,MEM
Dillon Brooks: 2017,MEM
Dion Waiters: 2017,MIA
Dirk Nowitzki: 2017,DAL
Domantas Sabonis: 2017,IND
Donovan Mitchell: 2017,UTA
Dorian Finney-Smith: 2017,DAL
Doug McDermott: 2017,DAL
Dragan Bender: 2017,PHX
Draymond Green: 2017,GSW
Dwayne Bacon: 2017,CHA
Dwight Buycks: 2017,DET
Dwight Howard: 2017,CHA
Dwight Powell: 2017,DAL
Dwyane Wade: 2017,MIA
E'Twaun Moore: 2017,NOP
Ed Davis: 2017,POR
Edmond Sumner: 2017,IND
Ekpe Udoh: 2017,UTA
Elfrid Payton: 2017,PHX
Emeka Okafor: 2017,NOP
Emmanuel Mudiay: 2017,NYK
Enes Kanter: 2017,NYK
Eric Bledsoe: 2017,MIL
Eric Gordon: 2017,HOU
Eric Moreland: 2017,DET
Erik McCree: 2017,UTA
Ersan Ilyasova: 2017,PHI
Evan Fournier: 2017,ORL
Evan Turner: 2017,POR
Frank Kaminsky: 2017,CHA
Frank Mason: 2017,SAC
Frank Ntilikina: 2017,NYK
Fred VanVleet: 2017,TOR
Furkan Korkmaz: 2017,PHI
Garrett Temple: 2017,SAC
Gary Harris: 2017,DEN
Gary Payton II: 2017,LAL
George Hill: 2017,CLE
Georges Niang: 2017,UTA
Georgios Papagiannis: 2017,POR
Gerald Green: 2017,HOU
Gian Clavell: 2017,DAL
Giannis Antetokounmpo: 2017,MIL
Glenn Robinson III: 2017,IND
Goran Dragic: 2017,MIA
Gordon Hayward: 2017,BOS
Gorgui Dieng: 2017,MIN
Greg Monroe: 2017,BOS
Guerschon Yabusele: 2017,BOS
Harrison Barnes: 2017,DAL
Hassan Whiteside: 2017,MIA
Henry Ellenson: 2017,DET
Ian Clark: 2017,NOP
Ian Mahinmi: 2017,WAS
Ike Anigbogu: 2017,IND
Iman Shumpert: 2017,SAC
Isaiah Canaan: 2017,PHX
Isaiah Hicks: 2017,NYK
Isaiah Taylor: 2017,ATL
Isaiah Thomas: 2017,LAL
Isaiah Whitehead: 2017,BKN
Ish Smith: 2017,DET
Ivan Rabb: 2017,MEM
Ivica Zubac: 2017,LAL
J.J. Barea: 2017,DAL
JJ Redick: 2017,PHI
JR Smith: 2017,CLE
JaKarr Sampson: 2017,SAC
JaMychal Green: 2017,MEM
JaVale McGee: 2017,GSW
Jabari Bird: 2017,BOS
Jabari Parker: 2017,MIL
Jack Cooley: 2017,SAC
Jacob Pullen: 2017,PHI
Jacob Wiley: 2017,BKN
Jae Crowder: 2017,UTA
Jahlil Okafor: 2017,BKN
Jake Layman: 2017,POR
Jakob Poeltl: 2017,TOR
Jalen Jones: 2017,DAL
Jamal Crawford: 2017,MIN
Jamal Murray: 2017,DEN
Jameel Warney: 2017,DAL
Jameer Nelson: 2017,DET
Jamel Artis: 2017,ORL
James Ennis III: 2017,DET
James Harden: 2017,HOU
James Johnson: 2017,MIA
James Michael McAdoo: 2017,PHI
James Webb III: 2017,BKN
James Young: 2017,PHI
Jamil Wilson: 2017,LAC
Jared Dudley: 2017,PHX
Jarell Eddie: 2017,CHI
Jarell Martin: 2017,MEM
Jarrett Allen: 2017,BKN
Jarrett Jack: 2017,NYK
Jason Smith: 2017,WAS
Jason Terry: 2017,MIL
Jawun Evans: 2017,LAC
Jaylen Brown: 2017,BOS
Jaylen Morris: 2017,ATL
Jayson Tatum: 2017,BOS
Jeff Green: 2017,CLE
Jeff Teague: 2017,MIN
Jeff Withey: 2017,DAL
Jerami Grant: 2017,OKC
Jeremy Evans: 2017,ATL
Jeremy Lamb: 2017,CHA
Jeremy Lin: 2017,BKN
Jerian Grant: 2017,CHI
Jerryd Bayless: 2017,PHI
Jimmy Butler: 2017,MIN
Joakim Noah: 2017,NYK
Jodie Meeks: 2017,WAS
Joe Harris: 2017,BKN
Joe Ingles: 2017,UTA
Joe Johnson: 2017,HOU
Joe Young: 2017,IND
Joel Bolomboy: 2017,MIL
Joel Embiid: 2017,PHI
Joffrey Lauvergne: 2017,SAS
John Collins: 2017,ATL
John Henson: 2017,MIL
John Holland: 2017,CLE
John Wall: 2017,WAS
Johnathan Motley: 2017,DAL
Johnny O'Bryant III: 2017,CHA
Jon Leuer: 2017,DET
Jonas Jerebko: 2017,UTA
Jonas Valanciunas: 2017,TOR
Jonathan Gibson: 2017,BOS
Jonathan Isaac: 2017,ORL
Jonathon Simmons: 2017,ORL
Jordan Bell: 2017,GSW
Jordan Clarkson: 2017,CLE
Jordan Crawford: 2017,NOP
Jordan Mickey: 2017,MIA
Jose Calderon: 2017,CLE
Josh Gray: 2017,PHX
Josh Hart: 2017,LAL
Josh Huestis: 2017,OKC
Josh Jackson: 2017,PHX
Josh Magette: 2017,ATL
Josh McRoberts: 2017,DAL
Josh Richardson: 2017,MIA
Josh Smith: 2017,NOP
Jrue Holiday: 2017,NOP
Juancho Hernangomez: 2017,DEN
Julius Randle: 2017,LAL
Julyan Stone: 2017,CHA
Justin Anderson: 2017,PHI
Justin Holiday: 2017,CHI
Justin Jackson: 2017,SAC
Justin Patton: 2017,MIN
Justise Winslow: 2017,MIA
Jusuf Nurkic: 2017,POR
Kadeem Allen: 2017,BOS
Karl-Anthony Towns: 2017,MIN
Kawhi Leonard: 2017,SAS
Kay Felder: 2017,DET
Kelly Olynyk: 2017,MIA
Kelly Oubre Jr.: 2017,WAS
Kemba Walker: 2017,CHA
Kendrick Perkins: 2017,CLE
Kenneth Faried: 2017,DEN
Kent Bazemore: 2017,ATL
Kentavious Caldwell-Pope: 2017,LAL
Kevin Durant: 2017,GSW
Kevin Love: 2017,CLE
Kevon Looney: 2017,GSW
Khem Birch: 2017,ORL
Khris Middleton: 2017,MIL
Klay Thompson: 2017,GSW
Kobi Simmons: 2017,MEM
Kosta Koufos: 2017,SAC
Kris Dunn: 2017,CHI
Kristaps Porzingis: 2017,NYK
Kyle Anderson: 2017,SAS
Kyle Collinsworth: 2017,DAL
Kyle Korver: 2017,CLE
Kyle Kuzma: 2017,LAL
Kyle Lowry: 2017,TOR
Kyle O'Quinn: 2017,NYK
Kyle Singler: 2017,OKC
Kyrie Irving: 2017,BOS
LaMarcus Aldridge: 2017,SAS
Lance Stephenson: 2017,IND
Lance Thomas: 2017,NYK
Langston Galloway: 2017,DET
Larry Drew II: 2017,NOP
Larry Nance Jr.: 2017,CLE
Lauri Markkanen: 2017,CHI
LeBron James: 2017,CLE
London Perrantes: 2017,CLE
Lonzo Ball: 2017,LAL
Lorenzo Brown: 2017,TOR
Lou Williams: 2017,LAC
Luc Mbah a Moute: 2017,HOU
Lucas Nogueira: 2017,TOR
Luis Montero: 2017,DET
Luke Babbitt: 2017,MIA
Luke Kennard: 2017,DET
Luke Kornet: 2017,NYK
Luol Deng: 2017,LAL
Malachi Richardson: 2017,TOR
Malcolm Brogdon: 2017,MIL
Malcolm Delaney: 2017,ATL
Malcolm Miller: 2017,TOR
Malik Beasley: 2017,DEN
Malik Monk: 2017,CHA
Mangok Mathiang: 2017,CHA
Manu Ginobili: 2017,SAS
MarShon Brooks: 2017,MEM
Marc Gasol: 2017,MEM
Marcin Gortat: 2017,WAS
Marco Belinelli: 2017,PHI
Marcus Georges-Hunt: 2017,MIN
Marcus Morris Sr.: 2017,BOS
Marcus Paige: 2017,CHA
Marcus Smart: 2017,BOS
Mario Chalmers: 2017,MEM
Mario Hezonja: 2017,ORL
Markel Brown: 2017,HOU
Markelle Fultz: 2017,PHI
Markieff Morris: 2017,WAS
Marquese Chriss: 2017,PHX
Marquis Teague: 2017,MEM
Marreese Speights: 2017,ORL
Marshall Plumlee: 2017,MIL
Marvin Williams: 2017,CHA
Mason Plumlee: 2017,DEN
Matt Costello: 2017,SAS
Matt Williams Jr.: 2017,MIA
Matthew Dellavedova: 2017,MIL
Maurice Harkless: 2017,POR
Maxi Kleber: 2017,DAL
Meyers Leonard: 2017,POR
Michael Beasley: 2017,NYK
Michael Carter-Williams: 2017,CHA
Michael Kidd-Gilchrist: 2017,CHA
Mike Conley: 2017,MEM
Mike James: 2017,NOP
Mike Muscala: 2017,ATL
Mike Scott: 2017,WAS
Miles Plumlee: 2017,ATL
Milos Teodosic: 2017,LAC
Milton Doyle: 2017,BKN
Mindaugas Kuzminskas: 2017,NYK
Mirza Teletovic: 2017,MIL
Monte Morris: 2017,DEN
Montrezl Harrell: 2017,LAC
Myke Henry: 2017,MEM
Myles Turner: 2017,IND
Nate Wolters: 2017,UTA
Naz Mitrou-Long: 2017,UTA
Nemanja Bjelica: 2017,MIN
Nene: 2017,HOU
Nerlens Noel: 2017,DAL
Nick Collison: 2017,OKC
Nick Young: 2017,GSW
Nicolas Batum: 2017,CHA
Nicolas Brussino: 2017,ATL
Nigel Hayes: 2017,SAC
Nik Stauskas: 2017,BKN
Nikola Jokic: 2017,DEN
Nikola Mirotic: 2017,NOP
Nikola Vucevic: 2017,ORL
Noah Vonleh: 2017,CHI
Norman Powell: 2017,TOR
OG Anunoby: 2017,TOR
Okaro White: 2017,CLE
Omari Johnson: 2017,MEM
Omer Asik: 2017,CHI
Omri Casspi: 2017,GSW
Otto Porter Jr.: 2017,WAS
P.J. Tucker: 2017,HOU
PJ Dozier: 2017,OKC
Pascal Siakam: 2017,TOR
Pat Connaughton: 2017,POR
Patrick Beverley: 2017,LAC
Patrick McCaw: 2017,GSW
Patrick Patterson: 2017,OKC
Patty Mills: 2017,SAS
Pau Gasol: 2017,SAS
Paul George: 2017,OKC
Paul Millsap: 2017,DEN
Paul Zipser: 2017,CHI
Quincy Acy: 2017,BKN
Quincy Pondexter: 2017,CHI
Quinn Cook: 2017,GSW
RJ Hunter: 2017,HOU
Rajon Rondo: 2017,NOP
Ramon Sessions: 2017,WAS
Rashad Vaughn: 2017,ORL
Raul Neto: 2017,UTA
Raymond Felton: 2017,OKC
Reggie Bullock: 2017,DET
Reggie Hearn: 2017,DET
Reggie Jackson: 2017,DET
Richard Jefferson: 2017,DEN
Richaun Holmes: 2017,PHI
Ricky Rubio: 2017,UTA
Robert Covington: 2017,PHI
Robin Lopez: 2017,CHI
Rodney Hood: 2017,CLE
Rodney McGruder: 2017,MIA
Rodney Purvis: 2017,ORL
Ron Baker: 2017,NYK
Rondae Hollis-Jefferson: 2017,BKN
Royce O'Neale: 2017,UTA
Rudy Gay: 2017,SAS
Rudy Gobert: 2017,UTA
Russell Westbrook: 2017,OKC
Ryan Anderson: 2017,HOU
Ryan Arcidiacono: 2017,CHI
Salah Mejri: 2017,DAL
Sam Dekker: 2017,LAC
Scotty Hopson: 2017,DAL
Sean Kilpatrick: 2017,CHI
Semi Ojeleye: 2017,BOS
Serge Ibaka: 2017,TOR
Shabazz Muhammad: 2017,MIL
Shabazz Napier: 2017,POR
Shane Larkin: 2017,BOS
Shaquille Harrison: 2017,PHX
Shaun Livingston: 2017,GSW
Shelvin Mack: 2017,ORL
Sindarius Thornwell: 2017,LAC
Skal Labissiere: 2017,SAC
Solomon Hill: 2017,NOP
Spencer Dinwiddie: 2017,BKN
Stanley Johnson: 2017,DET
Stephen Curry: 2017,GSW
Sterling Brown: 2017,MIL
Steven Adams: 2017,OKC
T.J. Leaf: 2017,IND
T.J. McConnell: 2017,PHI
T.J. Warren: 2017,PHX
Taj Gibson: 2017,MIN
Tarik Black: 2017,HOU
Taurean Prince: 2017,ATL
Terrance Ferguson: 2017,OKC
Terrence Ross: 2017,ORL
Terry Rozier: 2017,BOS
Thabo Sefolosha: 2017,UTA
Thaddeus Young: 2017,IND
Thomas Bryant: 2017,LAL
Thon Maker: 2017,MIL
Tim Frazier: 2017,WAS
Tim Hardaway Jr.: 2017,NYK
Tim Quarterman: 2017,HOU
Timofey Mozgov: 2017,BKN
Timothe Luwawu-Cabarrot: 2017,PHI
Tobias Harris: 2017,LAC
Tomas Satoransky: 2017,WAS
Tony Allen: 2017,NOP
Tony Bradley: 2017,UTA
Tony Parker: 2017,SAS
Tony Snell: 2017,MIL
Torrey Craig: 2017,DEN
Travis Wear: 2017,LAL
Treveon Graham: 2017,CHA
Trevor Ariza: 2017,HOU
Trevor Booker: 2017,IND
Trey Burke: 2017,NYK
Trey Lyles: 2017,DEN
Trey McKinney-Jones: 2017,IND
Tristan Thompson: 2017,CLE
Troy Daniels: 2017,PHX
Troy Williams: 2017,NYK
Tyler Cavanaugh: 2017,ATL
Tyler Dorsey: 2017,ATL
Tyler Ennis: 2017,LAL
Tyler Johnson: 2017,MIA
Tyler Lydon: 2017,DEN
Tyler Ulis: 2017,PHX
Tyler Zeller: 2017,MIL
Tyreke Evans: 2017,MEM
Tyrone Wallace: 2017,LAC
Tyson Chandler: 2017,PHX
Tyus Jones: 2017,MIN
Udonis Haslem: 2017,MIA
Vander Blue: 2017,LAL
Victor Oladipo: 2017,IND
Vince Carter: 2017,SAC
Vincent Hunter: 2017,MEM
Wade Baldwin IV: 2017,POR
Walt Lemon Jr.: 2017,NOP
Wayne Ellington: 2017,MIA
Wayne Selden: 2017,MEM
Wes Iwundu: 2017,ORL
Wesley Johnson: 2017,LAC
Wesley Matthews: 2017,DAL
Will Barton: 2017,DEN
Willie Cauley-Stein: 2017,SAC
Willie Reed: 2017,DET
Willy Hernangomez: 2017,CHA
Wilson Chandler: 2017,DEN
Xavier Munford: 2017,MIL
Xavier Rathan-Mayes: 2017,MEM
Xavier Silas: 2017,BOS
Yogi Ferrell: 2017,DAL
Zach Collins: 2017,POR
Zach LaVine: 2017,CHI
Zach Randolph: 2017,SAC
Zaza Pachulia: 2017,GSW
Zhou Qi: 2017,HOU
Aaron Gordon: 2018,ORL
Aaron Holiday: 2018,IND
Abdel Nader: 2018,OKC
Al Horford: 2018,BOS
Al-Farouq Aminu: 2018,POR
Alan Williams: 2018,BKN
Alec Burks: 2018,SAC
Alex Abrines: 2018,OKC
Alex Caruso: 2018,LAL
Alex Len: 2018,ATL
Alex Poythress: 2018,ATL
Alfonzo McKinnie: 2018,GSW
Alize Johnson: 2018,IND
Allen Crabbe: 2018,BKN
Allonzo Trier: 2018,NYK
Amile Jefferson: 2018,ORL
Amir Johnson: 2018,PHI
Andre Drummond: 2018,DET
Andre Iguodala: 2018,GSW
Andre Ingram: 2018,LAL
Andrew Bogut: 2018,GSW
Andrew Harrison: 2018,NOP
Andrew Wiggins: 2018,MIN
Anfernee Simons: 2018,POR
Angel Delgado: 2018,LAC
Ante Zizic: 2018,CLE
Anthony Davis: 2018,NOP
Anthony Tolliver: 2018,MIN
Antonio Blakeney: 2018,CHI
Aron Baynes: 2018,BOS
Austin Rivers: 2018,HOU
Avery Bradley: 2018,MEM
BJ Johnson: 2018,SAC
Bam Adebayo: 2018,MIA
Ben McLemore: 2018,SAC
Ben Simmons: 2018,PHI
Billy Garrett: 2018,NYK
Bismack Biyombo: 2018,CHA
Blake Griffin: 2018,DET
Boban Marjanovic: 2018,PHI
Bobby Portis: 2018,WAS
Bogdan Bogdanovic: 2018,SAC
Bojan Bogdanovic: 2018,IND
Bonzie Colson: 2018,MIL
Brad Wanamaker: 2018,BOS
Bradley Beal: 2018,WAS
Brandon Goodwin: 2018,DEN
Brandon Ingram: 2018,LAL
Brandon Knight: 2018,CLE
Brandon Sampson: 2018,CHI
Brook Lopez: 2018,MIL
Bruce Brown: 2018,DET
Bruno Caboclo: 2018,MEM
Bryn Forbes: 2018,SAS
Buddy Hield: 2018,SAC
C.J. Williams: 2018,MIN
CJ McCollum: 2018,POR
CJ Miles: 2018,MEM
Caleb Swanigan: 2018,SAC
Cameron Payne: 2018,CLE
Cameron Reynolds: 2018,MIN
Caris LeVert: 2018,BKN
Carmelo Anthony: 2018,HOU
Cedi Osman: 2018,CLE
Chandler Hutchison: 2018,CHI
Chandler Parsons: 2018,MEM
Channing Frye: 2018,CLE
Chasson Randle: 2018,WAS
Cheick Diallo: 2018,NOP
Chimezie Metu: 2018,SAS
Chris Boucher: 2018,TOR
Chris Chiozza: 2018,HOU
Chris Paul: 2018,HOU
Christian Wood: 2018,NOP
Clint Capela: 2018,HOU
Cody Zeller: 2018,CHA
Collin Sexton: 2018,CLE
Corey Brewer: 2018,SAC
Cory Joseph: 2018,IND
Courtney Lee: 2018,DAL
Cristiano Felicio: 2018,CHI
D'Angelo Russell: 2018,BKN
D.J. Augustin: 2018,ORL
D.J. Wilson: 2018,MIL
DJ Stephens: 2018,MEM
Dairis Bertans: 2018,NOP
Damian Jones: 2018,GSW
Damian Lillard: 2018,POR
Damion Lee: 2018,GSW
Damyean Dotson: 2018,NYK
Daniel Hamilton: 2018,ATL
Daniel Theis: 2018,BOS
Danilo Gallinari: 2018,LAC
Danny Green: 2018,TOR
Dante Cunningham: 2018,SAS
Dante Exum: 2018,UTA
Danuel House Jr.: 2018,HOU
Dario Saric: 2018,MIN
Darius Miller: 2018,NOP
Darren Collison: 2018,IND
Daryl Macon: 2018,DAL
David Nwaba: 2018,CLE
Davis Bertans: 2018,SAS
Davon Reed: 2018,IND
De'Aaron Fox: 2018,SAC
De'Anthony Melton: 2018,PHX
DeAndre Jordan: 2018,NYK
DeAndre' Bembry: 2018,ATL
DeMar DeRozan: 2018,SAS
DeMarcus Cousins: 2018,GSW
DeMarre Carroll: 2018,BKN
DeVaughn Akoon-Purcell: 2018,DEN
Deandre Ayton: 2018,PHX
Delon Wright: 2018,MEM
Demetrius Jackson: 2018,PHI
Deng Adel: 2018,CLE
Dennis Schroder: 2018,OKC
Dennis Smith Jr.: 2018,NYK
Deonte Burton: 2018,OKC
Derrick Favors: 2018,UTA
Derrick Jones Jr.: 2018,MIA
Derrick Rose: 2018,MIN
Derrick White: 2018,SAS
Devin Booker: 2018,PHX
Devin Harris: 2018,DAL
Devin Robinson: 2018,WAS
Devonte' Graham: 2018,CHA
Dewayne Dedmon: 2018,ATL
Deyonta Davis: 2018,ATL
Dillon Brooks: 2018,MEM
Dion Waiters: 2018,MIA
Dirk Nowitzki: 2018,DAL
Domantas Sabonis: 2018,IND
Donatas Motiejunas: 2018,SAS
Donovan Mitchell: 2018,UTA
Donte DiVincenzo: 2018,MIL
Donte Grantham: 2018,OKC
Dorian Finney-Smith: 2018,DAL
Doug McDermott: 2018,IND
Dragan Bender: 2018,PHX
Draymond Green: 2018,GSW
Drew Eubanks: 2018,SAS
Duncan Robinson: 2018,MIA
Dusty Hannahs: 2018,MEM
Dwayne Bacon: 2018,CHA
Dwight Howard: 2018,WAS
Dwight Powell: 2018,DAL
Dwyane Wade: 2018,MIA
Dzanan Musa: 2018,BKN
E'Twaun Moore: 2018,NOP
Ed Davis: 2018,BKN
Edmond Sumner: 2018,IND
Ekpe Udoh: 2018,UTA
Elfrid Payton: 2018,NOP
Elie Okobo: 2018,PHX
Emanuel Terry: 2018,MIA
Emmanuel Mudiay: 2018,NYK
Enes Kanter: 2018,POR
Eric Bledsoe: 2018,MIL
Eric Gordon: 2018,HOU
Eric Moreland: 2018,TOR
Ersan Ilyasova: 2018,MIL
Evan Fournier: 2018,ORL
Evan Turner: 2018,POR
Frank Jackson: 2018,NOP
Frank Kaminsky: 2018,CHA
Frank Mason: 2018,SAC
Frank Ntilikina: 2018,NYK
Fred VanVleet: 2018,TOR
Furkan Korkmaz: 2018,PHI
Garrett Temple: 2018,LAC
Gary Clark: 2018,HOU
Gary Harris: 2018,DEN
Gary Payton II: 2018,WAS
Gary Trent Jr.: 2018,POR
George Hill: 2018,MIL
George King: 2018,PHX
Georges Niang: 2018,UTA
Gerald Green: 2018,HOU
Giannis Antetokounmpo: 2018,MIL
Glenn Robinson III: 2018,DET
Goran Dragic: 2018,MIA
Gordon Hayward: 2018,BOS
Gorgui Dieng: 2018,MIN
Grayson Allen: 2018,UTA
Greg Monroe: 2018,PHI
Guerschon Yabusele: 2018,BOS
Hamidou Diallo: 2018,OKC
Harrison Barnes: 2018,SAC
Harry Giles III: 2018,SAC
Hassan Whiteside: 2018,MIA
Haywood Highsmith: 2018,PHI
Henry Ellenson: 2018,NYK
Ian Clark: 2018,NOP
Ian Mahinmi: 2018,WAS
Ike Anigbogu: 2018,IND
Iman Shumpert: 2018,HOU
Isaac Bonga: 2018,LAL
Isaac Humphries: 2018,ATL
Isaiah Briscoe: 2018,ORL
Isaiah Canaan: 2018,MIL
Isaiah Hartenstein: 2018,HOU
Isaiah Hicks: 2018,NYK
Isaiah Thomas: 2018,DEN
Ish Smith: 2018,DET
Ivan Rabb: 2018,MEM
Ivica Zubac: 2018,LAC
J.J. Barea: 2018,DAL
J.P. Macura: 2018,CHA
JJ Redick: 2018,PHI
JR Smith: 2018,CLE
JaKarr Sampson: 2018,CHI
JaMychal Green: 2018,LAC
JaVale McGee: 2018,LAL
Jabari Parker: 2018,WAS
Jacob Evans: 2018,GSW
Jae Crowder: 2018,UTA
Jahlil Okafor: 2018,NOP
Jake Layman: 2018,POR
Jakob Poeltl: 2018,SAS
Jalen Brunson: 2018,DAL
Jalen Jones: 2018,CLE
Jamal Crawford: 2018,PHX
Jamal Murray: 2018,DEN
James Ennis III: 2018,PHI
James Harden: 2018,HOU
James Johnson: 2018,MIA
James Nunnally: 2018,HOU
Jared Dudley: 2018,BKN
Jared Terrell: 2018,MIN
Jarell Martin: 2018,ORL
Jaren Jackson Jr.: 2018,MEM
Jaron Blossomgame: 2018,CLE
Jarred Vanderbilt: 2018,DEN
Jarrett Allen: 2018,BKN
Jason Smith: 2018,NOP
Jawun Evans: 2018,OKC
Jaylen Adams: 2018,ATL
Jaylen Brown: 2018,BOS
Jaylen Morris: 2018,MIL
Jayson Tatum: 2018,BOS
Jeff Green: 2018,WAS
Jeff Teague: 2018,MIN
Jemerrio Jones: 2018,LAL
Jerami Grant: 2018,OKC
Jeremy Lamb: 2018,CHA
Jeremy Lin: 2018,TOR
Jerian Grant: 2018,ORL
Jerome Robinson: 2018,LAC
Jerryd Bayless: 2018,MIN
Jevon Carter: 2018,MEM
Jimmer Fredette: 2018,PHX
Jimmy Butler: 2018,PHI
Joakim Noah: 2018,MEM
Jodie Meeks: 2018,TOR
Joe Chealey: 2018,CHA
Joe Harris: 2018,BKN
Joe Ingles: 2018,UTA
Joel Embiid: 2018,PHI
John Collins: 2018,ATL
John Henson: 2018,CLE
John Holland: 2018,CLE
John Jenkins: 2018,NYK
John Wall: 2018,WAS
Johnathan Motley: 2018,LAC
Johnathan Williams: 2018,LAL
Jon Leuer: 2018,DET
Jonah Bolden: 2018,PHI
Jonas Jerebko: 2018,GSW
Jonas Valanciunas: 2018,MEM
Jonathan Isaac: 2018,ORL
Jonathon Simmons: 2018,PHI
Jordan Bell: 2018,GSW
Jordan Clarkson: 2018,CLE
Jordan Loyd: 2018,TOR
Jordan McRae: 2018,WAS
Jordan Sibert: 2018,ATL
Jose Calderon: 2018,DET
Josh Hart: 2018,LAL
Josh Jackson: 2018,PHX
Josh Okogie: 2018,MIN
Josh Richardson: 2018,MIA
Jrue Holiday: 2018,NOP
Juancho Hernangomez: 2018,DEN
Julian Washburn: 2018,MEM
Julius Randle: 2018,NOP
Justin Anderson: 2018,ATL
Justin Holiday: 2018,MEM
Justin Jackson: 2018,DAL
Justin Patton: 2018,PHI
Justise Winslow: 2018,MIA
Jusuf Nurkic: 2018,POR
Kadeem Allen: 2018,NYK
Kalin Lucas: 2018,DET
Karl-Anthony Towns: 2018,MIN
Kawhi Leonard: 2018,TOR
Keita Bates-Diop: 2018,MIN
Kelly Olynyk: 2018,MIA
Kelly Oubre Jr.: 2018,PHX
Kemba Walker: 2018,CHA
Kenneth Faried: 2018,HOU
Kenrich Williams: 2018,NOP
Kent Bazemore: 2018,ATL
Kentavious Caldwell-Pope: 2018,LAL
Kevin Durant: 2018,GSW
Kevin Huerter: 2018,ATL
Kevin Knox II: 2018,NYK
Kevin Love: 2018,CLE
Kevon Looney: 2018,GSW
Khem Birch: 2018,ORL
Khris Middleton: 2018,MIL
Khyri Thomas: 2018,DET
Klay Thompson: 2018,GSW
Kobi Simmons: 2018,CLE
Kosta Koufos: 2018,SAC
Kostas Antetokounmpo: 2018,DAL
Kris Dunn: 2018,CHI
Kyle Anderson: 2018,MEM
Kyle Korver: 2018,UTA
Kyle Kuzma: 2018,LAL
Kyle Lowry: 2018,TOR
Kyle O'Quinn: 2018,IND
Kyrie Irving: 2018,BOS
LaMarcus Aldridge: 2018,SAS
Lance Stephenson: 2018,LAL
Lance Thomas: 2018,NYK
Landry Shamet: 2018,LAC
Langston Galloway: 2018,DET
Larry Nance Jr.: 2018,CLE
Lauri Markkanen: 2018,CHI
LeBron James: 2018,LAL
Lonnie Walker IV: 2018,SAS
Lonzo Ball: 2018,LAL
Lorenzo Brown: 2018,TOR
Lou Williams: 2018,LAC
Luc Mbah a Moute: 2018,LAC
Luka Doncic: 2018,DAL
Luke Kennard: 2018,DET
Luke Kornet: 2018,NYK
Luol Deng: 2018,MIN
Malachi Richardson: 2018,TOR
Malcolm Brogdon: 2018,MIL
Malcolm Miller: 2018,TOR
Malik Beasley: 2018,DEN
Malik Monk: 2018,CHA
MarShon Brooks: 2018,MEM
Marc Gasol: 2018,TOR
Marcin Gortat: 2018,LAC
Marco Belinelli: 2018,SAS
Marcus Derrickson: 2018,GSW
Marcus Morris Sr.: 2018,BOS
Marcus Smart: 2018,BOS
Mario Hezonja: 2018,NYK
Markelle Fultz: 2018,ORL
Markieff Morris: 2018,OKC
Marquese Chriss: 2018,CLE
Marvin Bagley III: 2018,SAC
Marvin Williams: 2018,CHA
Mason Plumlee: 2018,DEN
Matthew Dellavedova: 2018,CLE
Maurice Harkless: 2018,POR
Maxi Kleber: 2018,DAL
Melvin Frazier Jr.: 2018,ORL
Meyers Leonard: 2018,POR
Michael Beasley: 2018,LAL
Michael Carter-Williams: 2018,ORL
Michael Kidd-Gilchrist: 2018,CHA
Mikal Bridges: 2018,PHX
Mike Conley: 2018,MEM
Mike Muscala: 2018,LAL
Mike Scott: 2018,PHI
Miles Bridges: 2018,CHA
Miles Plumlee: 2018,ATL
Milos Teodosic: 2018,LAC
Mitchell Creek: 2018,MIN
Mitchell Robinson: 2018,NYK
Mo Bamba: 2018,ORL
Monte Morris: 2018,DEN
Montrezl Harrell: 2018,LAC
Moritz Wagner: 2018,LAL
Myles Turner: 2018,IND
Naz Mitrou-Long: 2018,UTA
Nemanja Bjelica: 2018,SAC
Nene: 2018,HOU
Nerlens Noel: 2018,OKC
Nick Young: 2018,DEN
Nicolas Batum: 2018,CHA
Nik Stauskas: 2018,CLE
Nikola Jokic: 2018,DEN
Nikola Mirotic: 2018,MIL
Nikola Vucevic: 2018,ORL
Noah Vonleh: 2018,NYK
Norman Powell: 2018,TOR
OG Anunoby: 2018,TOR
Okaro White: 2018,WAS
Omari Spellman: 2018,ATL
Omri Casspi: 2018,MEM
Otto Porter Jr.: 2018,CHI
P.J. Tucker: 2018,HOU
PJ Dozier: 2018,BOS
Pascal Siakam: 2018,TOR
Pat Connaughton: 2018,MIL
Patrick Beverley: 2018,LAC
Patrick McCaw: 2018,TOR
Patrick Patterson: 2018,OKC
Patty Mills: 2018,SAS
Pau Gasol: 2018,MIL
Paul George: 2018,OKC
Paul Millsap: 2018,DEN
Quincy Acy: 2018,PHX
Quincy Pondexter: 2018,SAS
Quinn Cook: 2018,GSW
RJ Hunter: 2018,BOS
Rajon Rondo: 2018,LAL
Raul Neto: 2018,UTA
Rawle Alkins: 2018,CHI
Ray Spalding: 2018,PHX
Raymond Felton: 2018,OKC
Reggie Bullock: 2018,LAL
Reggie Jackson: 2018,DET
Richaun Holmes: 2018,PHX
Ricky Rubio: 2018,UTA
Robert Covington: 2018,MIN
Robert Williams III: 2018,BOS
Robin Lopez: 2018,CHI
Rodions Kurucs: 2018,BKN
Rodney Hood: 2018,POR
Rodney McGruder: 2018,LAC
Ron Baker: 2018,WAS
Rondae Hollis-Jefferson: 2018,BKN
Royce O'Neale: 2018,UTA
Rudy Gay: 2018,SAS
Rudy Gobert: 2018,UTA
Russell Westbrook: 2018,OKC
Ryan Anderson: 2018,MIA
Ryan Arcidiacono: 2018,CHI
Ryan Broekhoff: 2018,DAL
Salah Mejri: 2018,DAL
Sam Dekker: 2018,WAS
Scott Machado: 2018,LAL
Semi Ojeleye: 2018,BOS
Serge Ibaka: 2018,TOR
Seth Curry: 2018,POR
Shabazz Napier: 2018,BKN
Shai Gilgeous-Alexander: 2018,LAC
Shake Milton: 2018,PHI
Shaquille Harrison: 2018,CHI
Shaun Livingston: 2018,GSW
Shelvin Mack: 2018,CHA
Sindarius Thornwell: 2018,LAC
Skal Labissiere: 2018,POR
Solomon Hill: 2018,NOP
Spencer Dinwiddie: 2018,BKN
Stanley Johnson: 2018,NOP
Stephen Curry: 2018,GSW
Sterling Brown: 2018,MIL
Steven Adams: 2018,OKC
Svi Mykhailiuk: 2018,DET
T.J. Leaf: 2018,IND
T.J. McConnell: 2018,PHI
T.J. Warren: 2018,PHX
Tahjere McCall: 2018,BKN
Taj Gibson: 2018,MIN
Taurean Prince: 2018,ATL
Terrance Ferguson: 2018,OKC
Terrence Jones: 2018,HOU
Terrence Ross: 2018,ORL
Terry Rozier: 2018,BOS
Thabo Sefolosha: 2018,UTA
Thaddeus Young: 2018,IND
Theo Pinson: 2018,BKN
Thomas Bryant: 2018,WAS
Thomas Welsh: 2018,DEN
Thon Maker: 2018,DET
Tim Frazier: 2018,MIL
Tim Hardaway Jr.: 2018,DAL
Timothe Luwawu-Cabarrot: 2018,CHI
Tobias Harris: 2018,PHI
Tomas Satoransky: 2018,WAS
Tony Bradley: 2018,UTA
Tony Parker: 2018,CHA
Tony Snell: 2018,MIL
Torrey Craig: 2018,DEN
Trae Young: 2018,ATL
Treveon Graham: 2018,BKN
Trevon Duval: 2018,HOU
Trevor Ariza: 2018,WAS
Trey Burke: 2018,DAL
Trey Lyles: 2018,DEN
Tristan Thompson: 2018,CLE
Troy Brown Jr.: 2018,WAS
Troy Caupain: 2018,ORL
Troy Daniels: 2018,PHX
Troy Williams: 2018,SAC
Tyler Cavanaugh: 2018,UTA
Tyler Davis: 2018,OKC
Tyler Dorsey: 2018,MEM
Tyler Johnson: 2018,PHX
Tyler Lydon: 2018,DEN
Tyler Ulis: 2018,CHI
Tyler Zeller: 2018,MEM
Tyreke Evans: 2018,IND
Tyrone Wallace: 2018,LAC
Tyson Chandler: 2018,LAL
Tyus Jones: 2018,MIN
Udonis Haslem: 2018,MIA
Victor Oladipo: 2018,IND
Vince Carter: 2018,ATL
Vincent Edwards: 2018,HOU
Wade Baldwin IV: 2018,POR
Walt Lemon Jr.: 2018,CHI
Wayne Ellington: 2018,DET
Wayne Selden: 2018,CHI
Wendell Carter Jr.: 2018,CHI
Wes Iwundu: 2018,ORL
Wesley Johnson: 2018,WAS
Wesley Matthews: 2018,IND
Will Barton: 2018,DEN
Willie Cauley-Stein: 2018,SAC
Willy Hernangomez: 2018,CHA
Wilson Chandler: 2018,LAC
Yante Maten: 2018,MIA
Yogi Ferrell: 2018,SAC
Yuta Watanabe: 2018,MEM
Zach Collins: 2018,POR
Zach LaVine: 2018,CHI
Zach Lofton: 2018,DET
Zaza Pachulia: 2018,DET
Zhaire Smith: 2018,PHI
Zhou Qi: 2018,HOU
Aaron Gordon: 2019,ORL
Aaron Holiday: 2019,IND
Abdel Nader: 2019,OKC
Adam Mokoka: 2019,CHI
Admiral Schofield: 2019,WAS
Al Horford: 2019,PHI
Al-Farouq Aminu: 2019,ORL
Alec Burks: 2019,PHI
Alen Smailagic: 2019,GSW
Alex Caruso: 2019,LAL
Alex Len: 2019,SAC
Alfonzo McKinnie: 2019,CLE
Alize Johnson: 2019,IND
Allen Crabbe: 2019,MIN
Allonzo Trier: 2019,NYK
Amile Jefferson: 2019,ORL
Amir Coffey: 2019,LAC
Andre Drummond: 2019,CLE
Andre Iguodala: 2019,MIA
Andre Roberson: 2019,OKC
Andrew Wiggins: 2019,GSW
Anfernee Simons: 2019,POR
Ante Zizic: 2019,CLE
Anthony Davis: 2019,LAL
Anthony Tolliver: 2019,MEM
Antonius Cleveland: 2019,DAL
Anzejs Pasecniks: 2019,WAS
Aron Baynes: 2019,PHX
Austin Rivers: 2019,HOU
Avery Bradley: 2019,LAL
BJ Johnson: 2019,ORL
Bam Adebayo: 2019,MIA
Ben McLemore: 2019,HOU
Ben Simmons: 2019,PHI
Bismack Biyombo: 2019,CHA
Blake Griffin: 2019,DET
Boban Marjanovic: 2019,DAL
Bobby Portis: 2019,NYK
Bogdan Bogdanovic: 2019,SAC
Bojan Bogdanovic: 2019,UTA
Bol Bol: 2019,DEN
Brad Wanamaker: 2019,BOS
Bradley Beal: 2019,WAS
Brandon Clarke: 2019,MEM
Brandon Goodwin: 2019,ATL
Brandon Ingram: 2019,NOP
Brandon Knight: 2019,DET
Brian Bowen II: 2019,IND
Brook Lopez: 2019,MIL
Bruce Brown: 2019,DET
Bruno Caboclo: 2019,HOU
Bruno Fernando: 2019,ATL
Bryn Forbes: 2019,SAS
Buddy Hield: 2019,SAC
CJ McCollum: 2019,POR
CJ Miles: 2019,WAS
Caleb Martin: 2019,CHA
Caleb Swanigan: 2019,POR
Cam Reddish: 2019,ATL
Cameron Johnson: 2019,PHX
Cameron Payne: 2019,PHX
Caris LeVert: 2019,BKN
Carmelo Anthony: 2019,POR
Carsen Edwards: 2019,BOS
Cedi Osman: 2019,CLE
Chandler Hutchison: 2019,CHI
Chandler Parsons: 2019,ATL
Charlie Brown Jr.: 2019,ATL
Chasson Randle: 2019,GSW
Cheick Diallo: 2019,PHX
Chimezie Metu: 2019,SAS
Chris Boucher: 2019,TOR
Chris Chiozza: 2019,BKN
Chris Clemons: 2019,HOU
Chris Paul: 2019,OKC
Chris Silva: 2019,MIA
Christian Wood: 2019,DET
Clint Capela: 2019,ATL
Coby White: 2019,CHI
Cody Martin: 2019,CHA
Cody Zeller: 2019,CHA
Collin Sexton: 2019,CLE
Corey Brewer: 2019,SAC
Cory Joseph: 2019,SAC
Courtney Lee: 2019,DAL
Cristiano Felicio: 2019,CHI
D'Angelo Russell: 2019,MIN
D.J. Augustin: 2019,ORL
D.J. Wilson: 2019,MIL
DaQuan Jeffries: 2019,SAC
Damian Jones: 2019,ATL
Damian Lillard: 2019,POR
Damion Lee: 2019,GSW
Damyean Dotson: 2019,NYK
Daniel Gafford: 2019,CHI
Daniel Theis: 2019,BOS
Danilo Gallinari: 2019,OKC
Danny Green: 2019,LAL
Dante Exum: 2019,CLE
Danuel House Jr.: 2019,HOU
Dario Saric: 2019,PHX
Darius Bazley: 2019,OKC
Darius Garland: 2019,CLE
Daryl Macon: 2019,MIA
David Nwaba: 2019,HOU
Davis Bertans: 2019,WAS
De'Aaron Fox: 2019,SAC
De'Andre Hunter: 2019,ATL
De'Anthony Melton: 2019,MEM
DeAndre Jordan: 2019,BKN
DeAndre' Bembry: 2019,ATL
DeMar DeRozan: 2019,SAS
DeMarre Carroll: 2019,HOU
Dean Wade: 2019,CLE
Deandre Ayton: 2019,PHX
Dejounte Murray: 2019,SAS
Delon Wright: 2019,DAL
Dennis Schroder: 2019,OKC
Dennis Smith Jr.: 2019,NYK
Denzel Valentine: 2019,CHI
Deonte Burton: 2019,OKC
Derrick Favors: 2019,NOP
Derrick Jones Jr.: 2019,MIA
Derrick Rose: 2019,DET
Derrick Walton Jr.: 2019,DET
Derrick White: 2019,SAS
Devin Booker: 2019,PHX
Devon Hall: 2019,OKC
Devontae Cacok: 2019,LAL
Devonte' Graham: 2019,CHA
Dewan Hernandez: 2019,TOR
Dewayne Dedmon: 2019,ATL
Dillon Brooks: 2019,MEM
Dion Waiters: 2019,LAL
Domantas Sabonis: 2019,IND
Donovan Mitchell: 2019,UTA
Donta Hall: 2019,BKN
Donte DiVincenzo: 2019,MIL
Dorian Finney-Smith: 2019,DAL
Doug McDermott: 2019,IND
Dragan Bender: 2019,GSW
Draymond Green: 2019,GSW
Drew Eubanks: 2019,SAS
Duncan Robinson: 2019,MIA
Dusty Hannahs: 2019,MEM
Dwayne Bacon: 2019,CHA
Dwight Howard: 2019,LAL
Dwight Powell: 2019,DAL
Dzanan Musa: 2019,BKN
E'Twaun Moore: 2019,NOP
Ed Davis: 2019,UTA
Edmond Sumner: 2019,IND
Elfrid Payton: 2019,NYK
Elie Okobo: 2019,PHX
Emmanuel Mudiay: 2019,UTA
Enes Kanter: 2019,BOS
Eric Bledsoe: 2019,MIL
Eric Gordon: 2019,HOU
Eric Mika: 2019,SAC
Eric Paschall: 2019,GSW
Ersan Ilyasova: 2019,MIL
Evan Fournier: 2019,ORL
Evan Turner: 2019,MIN
Frank Jackson: 2019,NOP
Frank Kaminsky: 2019,PHX
Frank Mason: 2019,MIL
Frank Ntilikina: 2019,NYK
Fred VanVleet: 2019,TOR
Furkan Korkmaz: 2019,PHI
Gabe Vincent: 2019,MIA
Garrett Temple: 2019,BKN
Garrison Mathews: 2019,WAS
Gary Clark: 2019,ORL
Gary Harris: 2019,DEN
Gary Payton II: 2019,WAS
Gary Trent Jr.: 2019,POR
George Hill: 2019,MIL
Georges Niang: 2019,UTA
Giannis Antetokounmpo: 2019,MIL
Glenn Robinson III: 2019,PHI
Goga Bitadze: 2019,IND
Goran Dragic: 2019,MIA
Gordon Hayward: 2019,BOS
Gorgui Dieng: 2019,MEM
Grant Williams: 2019,BOS
Grayson Allen: 2019,MEM
Hamidou Diallo: 2019,OKC
Harrison Barnes: 2019,SAC
Harry Giles III: 2019,SAC
Hassan Whiteside: 2019,POR
Henry Ellenson: 2019,BKN
Ian Mahinmi: 2019,WAS
Ignas Brazdeikis: 2019,NYK
Iman Shumpert: 2019,BKN
Isaac Bonga: 2019,WAS
Isaiah Hartenstein: 2019,HOU
Isaiah Roby: 2019,OKC
Isaiah Thomas: 2019,WAS
Ish Smith: 2019,WAS
Ivica Zubac: 2019,LAC
J.J. Barea: 2019,DAL
J.P. Macura: 2019,CLE
JJ Redick: 2019,NOP
JR Smith: 2019,LAL
Ja Morant: 2019,MEM
JaKarr Sampson: 2019,IND
JaMychal Green: 2019,LAC
JaVale McGee: 2019,LAL
Jabari Parker: 2019,SAC
Jacob Evans: 2019,MIN
Jae Crowder: 2019,MIA
Jahlil Okafor: 2019,NOP
Jake Layman: 2019,MIN
Jakob Poeltl: 2019,SAS
Jalen Brunson: 2019,DAL
Jalen Lecque: 2019,PHX
Jalen McDaniels: 2019,CHA
Jamal Crawford: 2019,BKN
Jamal Murray: 2019,DEN
James Ennis III: 2019,ORL
James Harden: 2019,HOU
James Johnson: 2019,MIN
Jared Dudley: 2019,LAL
Jared Harper: 2019,NYK
Jaren Jackson Jr.: 2019,MEM
Jarred Vanderbilt: 2019,MIN
Jarrell Brantley: 2019,UTA
Jarrett Allen: 2019,BKN
Jarrett Culver: 2019,MIN
Jarrod Uthoff: 2019,WAS
Javonte Green: 2019,BOS
Jaxson Hayes: 2019,NOP
Jaylen Brown: 2019,BOS
Jaylen Hoard: 2019,POR
Jaylen Nowell: 2019,MIN
Jayson Tatum: 2019,BOS
Jeff Green: 2019,HOU
Jeff Teague: 2019,ATL
Jerami Grant: 2019,DEN
Jeremiah Martin: 2019,BKN
Jeremy Lamb: 2019,IND
Jeremy Pargo: 2019,GSW
Jerian Grant: 2019,WAS
Jerome Robinson: 2019,WAS
Jevon Carter: 2019,PHX
Jimmy Butler: 2019,MIA
Joakim Noah: 2019,LAC
Joe Chealey: 2019,CHA
Joe Harris: 2019,BKN
Joe Ingles: 2019,UTA
Joel Embiid: 2019,PHI
John Collins: 2019,ATL
John Henson: 2019,DET
John Konchar: 2019,MEM
Johnathan Motley: 2019,LAC
Johnathan Williams: 2019,WAS
Jonah Bolden: 2019,PHX
Jonas Valanciunas: 2019,MEM
Jonathan Isaac: 2019,ORL
Jordan Bell: 2019,CLE
Jordan Bone: 2019,DET
Jordan Clarkson: 2019,UTA
Jordan McLaughlin: 2019,MIN
Jordan McRae: 2019,DET
Jordan Poole: 2019,GSW
Josh Gray: 2019,NOP
Josh Hart: 2019,NOP
Josh Jackson: 2019,MEM
Josh Magette: 2019,ORL
Josh Okogie: 2019,MIN
Josh Reaves: 2019,DAL
Josh Richardson: 2019,PHI
Jrue Holiday: 2019,NOP
Juan Toscano-Anderson: 2019,GSW
Juancho Hernangomez: 2019,MIN
Julius Randle: 2019,NYK
Justin Anderson: 2019,BKN
Justin Holiday: 2019,IND
Justin Jackson: 2019,DAL
Justin James: 2019,SAC
Justin Patton: 2019,DET
Justin Robinson: 2019,WAS
Justin Wright-Foreman: 2019,UTA
Justise Winslow: 2019,MEM
Jusuf Nurkic: 2019,POR
Juwan Morgan: 2019,UTA
KZ Okpala: 2019,MIA
Kadeem Allen: 2019,NYK
Karl-Anthony Towns: 2019,MIN
Kawhi Leonard: 2019,LAC
Keita Bates-Diop: 2019,DEN
Kelan Martin: 2019,MIN
Keldon Johnson: 2019,SAS
Kelly Olynyk: 2019,MIA
Kelly Oubre Jr.: 2019,PHX
Kemba Walker: 2019,BOS
Kendrick Nunn: 2019,MIA
Kenrich Williams: 2019,NOP
Kent Bazemore: 2019,SAC
Kentavious Caldwell-Pope: 2019,LAL
Kevin Hervey: 2019,OKC
Kevin Huerter: 2019,ATL
Kevin Knox II: 2019,NYK
Kevin Love: 2019,CLE
Kevin Porter Jr.: 2019,CLE
Kevon Looney: 2019,GSW
Khem Birch: 2019,ORL
Khris Middleton: 2019,MIL
Khyri Thomas: 2019,DET
Kostas Antetokounmpo: 2019,LAL
Kris Dunn: 2019,CHI
Kristaps Porzingis: 2019,DAL
Ky Bowman: 2019,GSW
Kyle Alexander: 2019,MIA
Kyle Anderson: 2019,MEM
Kyle Guy: 2019,SAC
Kyle Korver: 2019,MIL
Kyle Kuzma: 2019,LAL
Kyle Lowry: 2019,TOR
Kyle O'Quinn: 2019,PHI
Kyrie Irving: 2019,BKN
LaMarcus Aldridge: 2019,SAS
Lance Thomas: 2019,BKN
Landry Shamet: 2019,LAC
Langston Galloway: 2019,DET
Larry Nance Jr.: 2019,CLE
Lauri Markkanen: 2019,CHI
LeBron James: 2019,LAL
Lonnie Walker IV: 2019,SAS
Lonzo Ball: 2019,NOP
Lou Williams: 2019,LAC
Louis King: 2019,DET
Luc Mbah a Moute: 2019,HOU
Luguentz Dort: 2019,OKC
Luka Doncic: 2019,DAL
Luka Samanic: 2019,SAS
Luke Kennard: 2019,DET
Luke Kornet: 2019,CHI
Malcolm Brogdon: 2019,IND
Malcolm Miller: 2019,TOR
Malik Beasley: 2019,MIN
Malik Monk: 2019,CHA
Malik Newman: 2019,CLE
Marc Gasol: 2019,TOR
Marco Belinelli: 2019,SAS
Marcus Morris Sr.: 2019,LAC
Marcus Smart: 2019,BOS
Marial Shayok: 2019,PHI
Mario Hezonja: 2019,POR
Markelle Fultz: 2019,ORL
Markieff Morris: 2019,LAL
Marko Guduric: 2019,MEM
Marques Bolden: 2019,CLE
Marquese Chriss: 2019,GSW
Marvin Bagley III: 2019,SAC
Marvin Williams: 2019,MIL
Mason Plumlee: 2019,DEN
Matisse Thybulle: 2019,PHI
Matt Mooney: 2019,CLE
Matt Thomas: 2019,TOR
Matthew Dellavedova: 2019,CLE
Maurice Harkless: 2019,NYK
Max Strus: 2019,CHI
Maxi Kleber: 2019,DAL
Melvin Frazier Jr.: 2019,ORL
Meyers Leonard: 2019,MIA
Mfiondu Kabengele: 2019,LAC
Michael Carter-Williams: 2019,ORL
Michael Frazier II: 2019,HOU
Michael Kidd-Gilchrist: 2019,DAL
Michael Porter Jr.: 2019,DEN
Mikal Bridges: 2019,PHX
Mike Conley: 2019,UTA
Mike Muscala: 2019,OKC
Mike Scott: 2019,PHI
Miles Bridges: 2019,CHA
Mitchell Robinson: 2019,NYK
Miye Oni: 2019,UTA
Mo Bamba: 2019,ORL
Monte Morris: 2019,DEN
Montrezl Harrell: 2019,LAC
Moritz Wagner: 2019,WAS
Moses Brown: 2019,POR
Mychal Mulder: 2019,GSW
Myles Turner: 2019,IND
Nassir Little: 2019,POR
Naz Mitrou-Long: 2019,IND
Naz Reid: 2019,MIN
Nemanja Bjelica: 2019,SAC
Nerlens Noel: 2019,OKC
Nickeil Alexander-Walker: 2019,NOP
Nicolas Batum: 2019,CHA
Nicolas Claxton: 2019,BKN
Nicolo Melli: 2019,NOP
Nigel Williams-Goss: 2019,UTA
Nikola Jokic: 2019,DEN
Nikola Vucevic: 2019,ORL
Noah Vonleh: 2019,DEN
Norman Powell: 2019,TOR
Norvel Pelle: 2019,PHI
OG Anunoby: 2019,TOR
Omari Spellman: 2019,MIN
Oshae Brissett: 2019,TOR
Otto Porter Jr.: 2019,CHI
P.J. Tucker: 2019,HOU
P.J. Washington: 2019,CHA
PJ Dozier: 2019,DEN
Pascal Siakam: 2019,TOR
Pat Connaughton: 2019,MIL
Patrick Beverley: 2019,LAC
Patrick McCaw: 2019,TOR
Patrick Patterson: 2019,LAC
Patty Mills: 2019,SAS
Paul George: 2019,LAC
Paul Millsap: 2019,DEN
Paul Watson: 2019,TOR
Quinn Cook: 2019,LAL
Quinndary Weatherspoon: 2019,SAS
RJ Barrett: 2019,NYK
Rajon Rondo: 2019,LAL
Raul Neto: 2019,PHI
Rayjon Tucker: 2019,UTA
Reggie Bullock: 2019,NYK
Reggie Jackson: 2019,LAC
Richaun Holmes: 2019,SAC
Ricky Rubio: 2019,PHX
Robert Covington: 2019,HOU
Robert Williams III: 2019,BOS
Robin Lopez: 2019,MIL
Rodions Kurucs: 2019,BKN
Rodney Hood: 2019,POR
Rodney McGruder: 2019,LAC
Romeo Langford: 2019,BOS
Rondae Hollis-Jefferson: 2019,TOR
Royce O'Neale: 2019,UTA
Rudy Gay: 2019,SAS
Rudy Gobert: 2019,UTA
Rui Hachimura: 2019,WAS
Russell Westbrook: 2019,HOU
Ryan Anderson: 2019,HOU
Ryan Arcidiacono: 2019,CHI
Ryan Broekhoff: 2019,PHI
Sekou Doumbouya: 2019,DET
Semi Ojeleye: 2019,BOS
Serge Ibaka: 2019,TOR
Seth Curry: 2019,DAL
Shabazz Napier: 2019,WAS
Shai Gilgeous-Alexander: 2019,OKC
Shake Milton: 2019,PHI
Shamorie Ponds: 2019,TOR
Shaquille Harrison: 2019,CHI
Sindarius Thornwell: 2019,NOP
Skal Labissiere: 2019,ATL
Solomon Hill: 2019,MIA
Spencer Dinwiddie: 2019,BKN
Stanley Johnson: 2019,TOR
Stanton Kidd: 2019,UTA
Stephen Curry: 2019,GSW
Sterling Brown: 2019,MIL
Steven Adams: 2019,OKC
Svi Mykhailiuk: 2019,DET
T.J. Leaf: 2019,IND
T.J. McConnell: 2019,IND
T.J. Warren: 2019,IND
Tacko Fall: 2019,BOS
Taj Gibson: 2019,NYK
Talen Horton-Tucker: 2019,LAL
Tariq Owens: 2019,PHX
Taurean Prince: 2019,BKN
Terance Mann: 2019,LAC
Terence Davis: 2019,TOR
Terrance Ferguson: 2019,OKC
Terrence Ross: 2019,ORL
Terry Rozier: 2019,CHA
Thabo Sefolosha: 2019,HOU
Thaddeus Young: 2019,CHI
Thanasis Antetokounmpo: 2019,MIL
Theo Pinson: 2019,NYK
Thomas Bryant: 2019,WAS
Thon Maker: 2019,DET
Tim Frazier: 2019,DET
Tim Hardaway Jr.: 2019,DAL
Timothe Luwawu-Cabarrot: 2019,BKN
Tobias Harris: 2019,PHI
Tomas Satoransky: 2019,CHI
Tony Bradley: 2019,UTA
Tony Snell: 2019,DET
Torrey Craig: 2019,DEN
Trae Young: 2019,ATL
Tremont Waters: 2019,BOS
Treveon Graham: 2019,ATL
Trevor Ariza: 2019,POR
Trey Burke: 2019,DAL
Trey Lyles: 2019,SAS
Tristan Thompson: 2019,CLE
Troy Brown Jr.: 2019,WAS
Troy Daniels: 2019,DEN
Ty Jerome: 2019,PHX
Tyler Cook: 2019,DEN
Tyler Herro: 2019,MIA
Tyler Johnson: 2019,BKN
Tyler Zeller: 2019,SAS
Tyrone Wallace: 2019,ATL
Tyson Chandler: 2019,HOU
Tyus Jones: 2019,MEM
Udonis Haslem: 2019,MIA
Vic Law: 2019,ORL
Victor Oladipo: 2019,IND
Vince Carter: 2019,ATL
Vincent Poirier: 2019,BOS
Vlatko Cancar: 2019,DEN
Wayne Ellington: 2019,NYK
Wendell Carter Jr.: 2019,CHI
Wenyen Gabriel: 2019,POR
Wes Iwundu: 2019,ORL
Wesley Matthews: 2019,MIL
Will Barton: 2019,DEN
William Howard: 2019,HOU
Willie Cauley-Stein: 2019,DAL
Willy Hernangomez: 2019,CHA
Wilson Chandler: 2019,BKN
Yogi Ferrell: 2019,SAC
Yuta Watanabe: 2019,MEM
Zach Collins: 2019,POR
Zach LaVine: 2019,CHI
Zach Norvell Jr.: 2019,GSW
Zhaire Smith: 2019,PHI
Zion Williamson: 2019,NOP
Zylan Cheatham: 2019,NOP
Aaron Gordon: 2020,DEN
Aaron Holiday: 2020,IND
Aaron Nesmith: 2020,BOS
Abdel Nader: 2020,PHX
Adam Mokoka: 2020,CHI
Al Horford: 2020,OKC
Al-Farouq Aminu: 2020,CHI
Alec Burks: 2020,NYK
Aleksej Pokusevski: 2020,OKC
Alen Smailagic: 2020,GSW
Alex Caruso: 2020,LAL
Alex Len: 2020,WAS
Alfonzo McKinnie: 2020,LAL
Alize Johnson: 2020,BKN
Amir Coffey: 2020,LAC
Andre Drummond: 2020,CLE
Andre Iguodala: 2020,MIA
Andre Roberson: 2020,BKN
Andrew Wiggins: 2020,GSW
Anfernee Simons: 2020,POR
Anthony Davis: 2020,LAL
Anthony Edwards: 2020,MIN
Anthony Gill: 2020,WAS
Anthony Lamb: 2020,HOU
Anzejs Pasecniks: 2020,WAS
Aron Baynes: 2020,TOR
Ashton Hagans: 2020,MIN
Austin Rivers: 2020,OKC
Avery Bradley: 2020,HOU
Axel Toupane: 2020,MIL
Bam Adebayo: 2020,MIA
Ben McLemore: 2020,HOU
Ben Simmons: 2020,PHI
Bismack Biyombo: 2020,CHA
Blake Griffin: 2020,BKN
Boban Marjanovic: 2020,DAL
Bobby Portis: 2020,MIL
Bogdan Bogdanovic: 2020,ATL
Bojan Bogdanovic: 2020,UTA
Bol Bol: 2020,DEN
Brad Wanamaker: 2020,CHA
Bradley Beal: 2020,WAS
Brandon Clarke: 2020,MEM
Brandon Goodwin: 2020,ATL
Brandon Ingram: 2020,NOP
Brian Bowen II: 2020,IND
Brodric Thomas: 2020,CLE
Brook Lopez: 2020,MIL
Bruce Brown: 2020,BKN
Bruno Caboclo: 2020,HOU
Bruno Fernando: 2020,ATL
Bryn Forbes: 2020,MIL
Buddy Hield: 2020,SAC
CJ Elleby: 2020,POR
CJ McCollum: 2020,POR
Caleb Martin: 2020,CHA
Cam Reddish: 2020,ATL
Cameron Johnson: 2020,PHX
Cameron Payne: 2020,PHX
Caris LeVert: 2020,IND
Carmelo Anthony: 2020,POR
Carsen Edwards: 2020,BOS
Cassius Stanley: 2020,IND
Cassius Winston: 2020,WAS
Cedi Osman: 2020,CLE
Chandler Hutchison: 2020,WAS
Chasson Randle: 2020,ORL
Chimezie Metu: 2020,SAC
Chris Boucher: 2020,TOR
Chris Chiozza: 2020,BKN
Chris Paul: 2020,PHX
Chris Silva: 2020,SAC
Christian Wood: 2020,HOU
Chuma Okeke: 2020,ORL
Clint Capela: 2020,ATL
Coby White: 2020,CHI
Cody Martin: 2020,CHA
Cody Zeller: 2020,CHA
Cole Anthony: 2020,ORL
Collin Sexton: 2020,CLE
Cory Joseph: 2020,DET
Cristiano Felicio: 2020,CHI
D'Angelo Russell: 2020,MIN
D.J. Augustin: 2020,HOU
D.J. Wilson: 2020,HOU
DaQuan Jeffries: 2020,SAC
Dakota Mathias: 2020,PHI
Damian Jones: 2020,LAL
Damian Lillard: 2020,POR
Damion Lee: 2020,GSW
Damyean Dotson: 2020,CLE
Daniel Gafford: 2020,WAS
Daniel Oturu: 2020,LAC
Daniel Theis: 2020,CHI
Danilo Gallinari: 2020,ATL
Danny Green: 2020,PHI
Dante Exum: 2020,HOU
Danuel House Jr.: 2020,HOU
Dario Saric: 2020,PHX
Darius Bazley: 2020,OKC
Darius Garland: 2020,CLE
Darius Miller: 2020,OKC
David Nwaba: 2020,HOU
Davis Bertans: 2020,WAS
De'Aaron Fox: 2020,SAC
De'Andre Hunter: 2020,ATL
De'Anthony Melton: 2020,MEM
DeAndre Jordan: 2020,BKN
DeAndre' Bembry: 2020,TOR
DeMar DeRozan: 2020,SAS
DeMarcus Cousins: 2020,HOU
Dean Wade: 2020,CLE
Deandre Ayton: 2020,PHX
Deividas Sirvydis: 2020,DET
Dejounte Murray: 2020,SAS
Delon Wright: 2020,SAC
Deni Avdija: 2020,WAS
Dennis Schroder: 2020,LAL
Dennis Smith Jr.: 2020,DET
Denzel Valentine: 2020,CHI
Derrick Favors: 2020,UTA
Derrick Jones Jr.: 2020,POR
Derrick Rose: 2020,NYK
Derrick White: 2020,SAS
Desmond Bane: 2020,MEM
Devin Booker: 2020,PHX
Devin Vassell: 2020,SAS
Devon Dotson: 2020,CHI
Devontae Cacok: 2020,LAL
Devonte' Graham: 2020,CHA
Dillon Brooks: 2020,MEM
Domantas Sabonis: 2020,IND
Donovan Mitchell: 2020,UTA
Donte DiVincenzo: 2020,MIL
Dorian Finney-Smith: 2020,DAL
Doug McDermott: 2020,IND
Draymond Green: 2020,GSW
Drew Eubanks: 2020,SAS
Duncan Robinson: 2020,MIA
Dwayne Bacon: 2020,ORL
Dwight Howard: 2020,PHI
Dwight Powell: 2020,DAL
Dylan Windler: 2020,CLE
E'Twaun Moore: 2020,PHX
Ed Davis: 2020,MIN
Edmond Sumner: 2020,IND
Elfrid Payton: 2020,NYK
Elijah Hughes: 2020,UTA
Enes Kanter: 2020,POR
Eric Bledsoe: 2020,NOP
Eric Gordon: 2020,HOU
Eric Paschall: 2020,GSW
Ersan Ilyasova: 2020,UTA
Evan Fournier: 2020,BOS
Facundo Campazzo: 2020,DEN
Frank Jackson: 2020,DET
Frank Kaminsky: 2020,PHX
Frank Mason: 2020,ORL
Frank Ntilikina: 2020,NYK
Fred VanVleet: 2020,TOR
Furkan Korkmaz: 2020,PHI
Gabe Vincent: 2020,MIA
Garrett Temple: 2020,CHI
Garrison Mathews: 2020,WAS
Gary Clark: 2020,DEN
Gary Harris: 2020,ORL
Gary Trent Jr.: 2020,TOR
George Hill: 2020,PHI
Georges Niang: 2020,UTA
Giannis Antetokounmpo: 2020,MIL
Glenn Robinson III: 2020,SAC
Goga Bitadze: 2020,IND
Goran Dragic: 2020,MIA
Gordon Hayward: 2020,CHA
Gorgui Dieng: 2020,MEM
Grant Williams: 2020,BOS
Grayson Allen: 2020,MEM
Greg Whittington: 2020,DEN
Hamidou Diallo: 2020,DET
Harrison Barnes: 2020,SAC
Harry Giles III: 2020,POR
Hassan Whiteside: 2020,SAC
Henry Ellenson: 2020,TOR
Ignas Brazdeikis: 2020,PHI
Iman Shumpert: 2020,BKN
Immanuel Quickley: 2020,NYK
Isaac Bonga: 2020,WAS
Isaac Okoro: 2020,CLE
Isaiah Hartenstein: 2020,CLE
Isaiah Joe: 2020,PHI
Isaiah Roby: 2020,OKC
Isaiah Stewart: 2020,DET
Ish Smith: 2020,WAS
Ivica Zubac: 2020,LAC
JJ Redick: 2020,DAL
Ja Morant: 2020,MEM
JaKarr Sampson: 2020,IND
JaMychal Green: 2020,DEN
JaVale McGee: 2020,DEN
Jabari Parker: 2020,SAC
Jaden McDaniels: 2020,MIN
Jae Crowder: 2020,PHX
Jae'Sean Tate: 2020,HOU
Jahlil Okafor: 2020,DET
Jahmi'us Ramsey: 2020,SAC
Jake Layman: 2020,MIN
Jakob Poeltl: 2020,SAS
Jalen Brunson: 2020,DAL
Jalen Harris: 2020,TOR
Jalen Lecque: 2020,IND
Jalen McDaniels: 2020,CHA
Jalen Smith: 2020,PHX
Jamal Murray: 2020,DEN
James Ennis III: 2020,ORL
James Harden: 2020,BKN
James Johnson: 2020,NOP
James Wiseman: 2020,GSW
Jared Dudley: 2020,LAL
Jared Harper: 2020,NYK
Jarred Vanderbilt: 2020,MIN
Jarrell Brantley: 2020,UTA
Jarrett Allen: 2020,CLE
Jarrett Culver: 2020,MIN
Javonte Green: 2020,CHI
Jaxson Hayes: 2020,NOP
Jaylen Adams: 2020,MIL
Jaylen Brown: 2020,BOS
Jaylen Nowell: 2020,MIN
Jayson Tatum: 2020,BOS
Jeff Green: 2020,BKN
Jeff Teague: 2020,ORL
Jerami Grant: 2020,DET
Jeremy Lamb: 2020,IND
Jerome Robinson: 2020,WAS
Jevon Carter: 2020,PHX
Jimmy Butler: 2020,MIA
Joe Harris: 2020,BKN
Joe Ingles: 2020,UTA
Joel Embiid: 2020,PHI
John Collins: 2020,ATL
John Konchar: 2020,MEM
John Wall: 2020,HOU
Jonas Valanciunas: 2020,MEM
Jontay Porter: 2020,MEM
Jordan Bell: 2020,WAS
Jordan Bone: 2020,ORL
Jordan Clarkson: 2020,UTA
Jordan McLaughlin: 2020,MIN
Jordan Nwora: 2020,MIL
Jordan Poole: 2020,GSW
Josh Green: 2020,DAL
Josh Hall: 2020,OKC
Josh Hart: 2020,NOP
Josh Jackson: 2020,DET
Josh Okogie: 2020,MIN
Josh Richardson: 2020,DAL
Jrue Holiday: 2020,MIL
Juan Toscano-Anderson: 2020,GSW
Juancho Hernangomez: 2020,MIN
Julius Randle: 2020,NYK
Justin Holiday: 2020,IND
Justin Jackson: 2020,OKC
Justin James: 2020,SAC
Justin Patton: 2020,HOU
Justise Winslow: 2020,MEM
Jusuf Nurkic: 2020,POR
Juwan Morgan: 2020,UTA
KZ Okpala: 2020,MIA
Karim Mane: 2020,ORL
Karl-Anthony Towns: 2020,MIN
Kawhi Leonard: 2020,LAC
Keita Bates-Diop: 2020,SAS
Kelan Martin: 2020,IND
Keldon Johnson: 2020,SAS
Keljin Blevins: 2020,POR
Kelly Olynyk: 2020,HOU
Kelly Oubre Jr.: 2020,GSW
Kemba Walker: 2020,BOS
Kendrick Nunn: 2020,MIA
Kenrich Williams: 2020,OKC
Kent Bazemore: 2020,GSW
Kentavious Caldwell-Pope: 2020,LAL
Kenyon Martin Jr.: 2020,HOU
Kevin Durant: 2020,BKN
Kevin Huerter: 2020,ATL
Kevin Knox II: 2020,NYK
Kevin Love: 2020,CLE
Kevin Porter Jr.: 2020,HOU
Kevon Looney: 2020,GSW
Khem Birch: 2020,ORL
Khris Middleton: 2020,MIL
Killian Hayes: 2020,DET
Killian Tillie: 2020,MEM
Kira Lewis Jr.: 2020,NOP
Kostas Antetokounmpo: 2020,LAL
Kristaps Porzingis: 2020,DAL
Kyle Anderson: 2020,MEM
Kyle Guy: 2020,SAC
Kyle Kuzma: 2020,LAL
Kyle Lowry: 2020,TOR
Kyrie Irving: 2020,BKN
LaMarcus Aldridge: 2020,SAS
LaMelo Ball: 2020,CHA
Lamar Stevens: 2020,CLE
Landry Shamet: 2020,BKN
Langston Galloway: 2020,PHX
Larry Nance Jr.: 2020,CLE
Lauri Markkanen: 2020,CHI
LeBron James: 2020,LAL
Lonnie Walker IV: 2020,SAS
Lonzo Ball: 2020,NOP
Lou Williams: 2020,ATL
Luguentz Dort: 2020,OKC
Luka Doncic: 2020,DAL
Luka Samanic: 2020,SAS
Luke Kennard: 2020,LAC
Luke Kornet: 2020,BOS
Malachi Flynn: 2020,TOR
Malcolm Brogdon: 2020,IND
Malik Beasley: 2020,MIN
Malik Monk: 2020,CHA
Mamadi Diakite: 2020,MIL
Marc Gasol: 2020,LAL
Marcus Morris Sr.: 2020,LAC
Marcus Smart: 2020,BOS
Markelle Fultz: 2020,ORL
Markieff Morris: 2020,LAL
Markus Howard: 2020,DEN
Marques Bolden: 2020,CLE
Marquese Chriss: 2020,SAS
Marvin Bagley III: 2020,SAC
Mason Jones: 2020,HOU
Mason Plumlee: 2020,DET
Matisse Thybulle: 2020,PHI
Matt Thomas: 2020,UTA
Maurice Harkless: 2020,SAC
Max Strus: 2020,MIA
Maxi Kleber: 2020,DAL
Meyers Leonard: 2020,MIA
Mfiondu Kabengele: 2020,SAC
Michael Carter-Williams: 2020,ORL
Michael Porter Jr.: 2020,DEN
Mikal Bridges: 2020,PHX
Mike Conley: 2020,UTA
Mike Muscala: 2020,OKC
Mike Scott: 2020,PHI
Miles Bridges: 2020,CHA
Mitchell Robinson: 2020,NYK
Miye Oni: 2020,UTA
Mo Bamba: 2020,ORL
Monte Morris: 2020,DEN
Montrezl Harrell: 2020,LAL
Moritz Wagner: 2020,BOS
Moses Brown: 2020,OKC
Mychal Mulder: 2020,GSW
Myles Turner: 2020,IND
Naji Marshall: 2020,NOP
Nassir Little: 2020,POR
Nate Darling: 2020,CHA
Nate Hinton: 2020,DAL
Nathan Knight: 2020,ATL
Naz Reid: 2020,MIN
Nemanja Bjelica: 2020,MIA
Nerlens Noel: 2020,NYK
Nick Richards: 2020,CHA
Nickeil Alexander-Walker: 2020,NOP
Nico Mannion: 2020,GSW
Nicolas Batum: 2020,LAC
Nicolas Claxton: 2020,BKN
Nicolo Melli: 2020,DAL
Nikola Jokic: 2020,DEN
Nikola Vucevic: 2020,CHI
Noah Vonleh: 2020,BKN
Norman Powell: 2020,POR
Norvel Pelle: 2020,SAC
OG Anunoby: 2020,TOR
Obi Toppin: 2020,NYK
Onyeka Okongwu: 2020,ATL
Otto Porter Jr.: 2020,ORL
P.J. Tucker: 2020,MIL
P.J. Washington: 2020,CHA
PJ Dozier: 2020,DEN
Pascal Siakam: 2020,TOR
Pat Connaughton: 2020,MIL
Patrick Beverley: 2020,LAC
Patrick McCaw: 2020,TOR
Patrick Patterson: 2020,LAC
Patrick Williams: 2020,CHI
Patty Mills: 2020,SAS
Paul George: 2020,LAC
Paul Millsap: 2020,DEN
Paul Reed: 2020,PHI
Paul Watson: 2020,TOR
Payton Pritchard: 2020,BOS
Precious Achiuwa: 2020,MIA
Quinn Cook: 2020,CLE
Quinndary Weatherspoon: 2020,SAS
R.J. Hampton: 2020,ORL
RJ Barrett: 2020,NYK
Rajon Rondo: 2020,LAC
Raul Neto: 2020,WAS
Ray Spalding: 2020,HOU
Rayjon Tucker: 2020,PHI
Reggie Bullock: 2020,NYK
Reggie Jackson: 2020,LAC
Reggie Perry: 2020,BKN
Richaun Holmes: 2020,SAC
Ricky Rubio: 2020,MIN
Robert Covington: 2020,POR
Robert Williams III: 2020,BOS
Robert Woodard II: 2020,SAC
Robin Lopez: 2020,WAS
Rodions Kurucs: 2020,MIL
Rodney Hood: 2020,TOR
Rodney McGruder: 2020,DET
Royce O'Neale: 2020,UTA
Rudy Gay: 2020,SAS
Rudy Gobert: 2020,UTA
Rui Hachimura: 2020,WAS
Russell Westbrook: 2020,WAS
Ryan Arcidiacono: 2020,CHI
Saben Lee: 2020,DET
Saddiq Bey: 2020,DET
Sam Merrill: 2020,MIL
Sean McDermott: 2020,MEM
Sekou Doumbouya: 2020,DET
Semi Ojeleye: 2020,BOS
Serge Ibaka: 2020,LAC
Seth Curry: 2020,PHI
Shai Gilgeous-Alexander: 2020,OKC
Shake Milton: 2020,PHI
Shaquille Harrison: 2020,UTA
Sindarius Thornwell: 2020,NOP
Skylar Mays: 2020,ATL
Solomon Hill: 2020,ATL
Spencer Dinwiddie: 2020,BKN
Stanley Johnson: 2020,TOR
Stephen Curry: 2020,GSW
Sterling Brown: 2020,HOU
Steven Adams: 2020,NOP
Svi Mykhailiuk: 2020,OKC
T.J. McConnell: 2020,IND
T.J. Warren: 2020,IND
Tacko Fall: 2020,BOS
Taj Gibson: 2020,NYK
Talen Horton-Tucker: 2020,LAL
Taurean Prince: 2020,CLE
Terance Mann: 2020,LAC
Terence Davis: 2020,SAC
Terrance Ferguson: 2020,NYK
Terrence Ross: 2020,ORL
Terry Rozier: 2020,CHA
Thaddeus Young: 2020,CHI
Thanasis Antetokounmpo: 2020,MIL
Theo Maledon: 2020,OKC
Theo Pinson: 2020,NYK
Thomas Bryant: 2020,WAS
Thon Maker: 2020,CLE
Tim Frazier: 2020,MEM
Tim Hardaway Jr.: 2020,DAL
Timothe Luwawu-Cabarrot: 2020,BKN
Tobias Harris: 2020,PHI
Tomas Satoransky: 2020,CHI
Tony Bradley: 2020,OKC
Tony Snell: 2020,ATL
Torrey Craig: 2020,PHX
Trae Young: 2020,ATL
Tre Jones: 2020,SAS
Tremont Waters: 2020,BOS
Trent Forrest: 2020,UTA
Trevor Ariza: 2020,MIA
Trey Burke: 2020,DAL
Trey Lyles: 2020,SAS
Tristan Thompson: 2020,BOS
Troy Brown Jr.: 2020,CHI
Ty Jerome: 2020,OKC
Ty-Shon Alexander: 2020,PHX
Tyler Bey: 2020,DAL
Tyler Cook: 2020,DET
Tyler Herro: 2020,MIA
Tyler Johnson: 2020,BKN
Tyrell Terry: 2020,DAL
Tyrese Haliburton: 2020,SAC
Tyrese Maxey: 2020,PHI
Tyus Jones: 2020,MEM
Udoka Azubuike: 2020,UTA
Vernon Carey Jr.: 2020,CHA
Victor Oladipo: 2020,MIA
Vincent Poirier: 2020,NYK
Vlatko Cancar: 2020,DEN
Wayne Ellington: 2020,DET
Wendell Carter Jr.: 2020,ORL
Wenyen Gabriel: 2020,NOP
Wes Iwundu: 2020,NOP
Wesley Matthews: 2020,LAL
Will Barton: 2020,DEN
Will Magnay: 2020,NOP
Willie Cauley-Stein: 2020,DAL
Willy Hernangomez: 2020,NOP
Xavier Tillman: 2020,MEM
Yogi Ferrell: 2020,CLE
Yuta Watanabe: 2020,TOR
Zach LaVine: 2020,CHI
Zeke Nnaji: 2020,DEN
Zion Williamson: 2020,NOP